complex,receptor,partner,chain,pdb,structure_file,job_name
DOR-Arr2_6PWC,DOR,Arr2_6PWC,A,/Users/irinamoreira/Downloads/Git_moreiralab/or_final_v12/consurf/input_pdb/DOR-Arr2_6PWC.pdb,/Users/irinamoreira/Downloads/Git_moreiralab/or_final_v12/consurf/input_pdb/DOR-Arr2_6PWC.pdb,DOR-Arr2_6PWC
DOR-Arr2_6U1N,DOR,Arr2_6U1N,A,/Users/irinamoreira/Downloads/Git_moreiralab/or_final_v12/consurf/input_pdb/DOR-Arr2_6U1N.pdb,/Users/irinamoreira/Downloads/Git_moreiralab/or_final_v12/consurf/input_pdb/DOR-Arr2_6U1N.pdb,DOR-Arr2_6U1N
DOR-Arr3_6PWC,DOR,Arr3_6PWC,A,/Users/irinamoreira/Downloads/Git_moreiralab/or_final_v12/consurf/input_pdb/DOR-Arr3_6PWC.pdb,/Users/irinamoreira/Downloads/Git_moreiralab/or_final_v12/consurf/input_pdb/DOR-Arr3_6PWC.pdb,DOR-Arr3_6PWC
DOR-Arr3_6U1N,DOR,Arr3_6U1N,A,/Users/irinamoreira/Downloads/Git_moreiralab/or_final_v12/consurf/input_pdb/DOR-Arr3_6U1N.pdb,/Users/irinamoreira/Downloads/Git_moreiralab/or_final_v12/consurf/input_pdb/DOR-Arr3_6U1N.pdb,DOR-Arr3_6U1N
DOR-G11_6DDF,DOR,G11_6DDF,A,/Users/irinamoreira/Downloads/Git_moreiralab/or_final_v12/consurf/input_pdb/DOR-G11_6DDF.pdb,/Users/irinamoreira/Downloads/Git_moreiralab/or_final_v12/consurf/input_pdb/DOR-G11_6DDF.pdb,DOR-G11_6DDF
DOR-G11_6OIJ,DOR,G11_6OIJ,A,/Users/irinamoreira/Downloads/Git_moreiralab/or_final_v12/consurf/input_pdb/DOR-G11_6OIJ.pdb,/Users/irinamoreira/Downloads/Git_moreiralab/or_final_v12/consurf/input_pdb/DOR-G11_6OIJ.pdb,DOR-G11_6OIJ
DOR-G14_6DDF,DOR,G14_6DDF,A,/Users/irinamoreira/Downloads/Git_moreiralab/or_final_v12/consurf/input_pdb/DOR-G14_6DDF.pdb,/Users/irinamoreira/Downloads/Git_moreiralab/or_final_v12/consurf/input_pdb/DOR-G14_6DDF.pdb,DOR-G14_6DDF
DOR-G14_6OIJ,DOR,G14_6OIJ,A,/Users/irinamoreira/Downloads/Git_moreiralab/or_final_v12/consurf/input_pdb/DOR-G14_6OIJ.pdb,/Users/irinamoreira/Downloads/Git_moreiralab/or_final_v12/consurf/input_pdb/DOR-G14_6OIJ.pdb,DOR-G14_6OIJ
DOR-G15_6DDF,DOR,G15_6DDF,A,/Users/irinamoreira/Downloads/Git_moreiralab/or_final_v12/consurf/input_pdb/DOR-G15_6DDF.pdb,/Users/irinamoreira/Downloads/Git_moreiralab/or_final_v12/consurf/input_pdb/DOR-G15_6DDF.pdb,DOR-G15_6DDF
DOR-G15_6OIJ,DOR,G15_6OIJ,A,/Users/irinamoreira/Downloads/Git_moreiralab/or_final_v12/consurf/input_pdb/DOR-G15_6OIJ.pdb,/Users/irinamoreira/Downloads/Git_moreiralab/or_final_v12/consurf/input_pdb/DOR-G15_6OIJ.pdb,DOR-G15_6OIJ
DOR-Gi1,DOR,Gi1,A,/Users/irinamoreira/Downloads/Git_moreiralab/or_final_v12/consurf/input_pdb/DOR-Gi1.pdb,/Users/irinamoreira/Downloads/Git_moreiralab/or_final_v12/consurf/input_pdb/DOR-Gi1.pdb,DOR-Gi1
DOR-Gi2,DOR,Gi2,A,/Users/irinamoreira/Downloads/Git_moreiralab/or_final_v12/consurf/input_pdb/DOR-Gi2.pdb,/Users/irinamoreira/Downloads/Git_moreiralab/or_final_v12/consurf/input_pdb/DOR-Gi2.pdb,DOR-Gi2
DOR-Gi3,DOR,Gi3,A,/Users/irinamoreira/Downloads/Git_moreiralab/or_final_v12/consurf/input_pdb/DOR-Gi3.pdb,/Users/irinamoreira/Downloads/Git_moreiralab/or_final_v12/consurf/input_pdb/DOR-Gi3.pdb,DOR-Gi3
DOR-Go,DOR,Go,A,/Users/irinamoreira/Downloads/Git_moreiralab/or_final_v12/consurf/input_pdb/DOR-Go.pdb,/Users/irinamoreira/Downloads/Git_moreiralab/or_final_v12/consurf/input_pdb/DOR-Go.pdb,DOR-Go
DOR-Gob,DOR,Gob,A,/Users/irinamoreira/Downloads/Git_moreiralab/or_final_v12/consurf/input_pdb/DOR-Gob.pdb,/Users/irinamoreira/Downloads/Git_moreiralab/or_final_v12/consurf/input_pdb/DOR-Gob.pdb,DOR-Gob
DOR-Gq_6DDF,DOR,Gq_6DDF,A,/Users/irinamoreira/Downloads/Git_moreiralab/or_final_v12/consurf/input_pdb/DOR-Gq_6DDF.pdb,/Users/irinamoreira/Downloads/Git_moreiralab/or_final_v12/consurf/input_pdb/DOR-Gq_6DDF.pdb,DOR-Gq_6DDF
DOR-Gq_6OIJ,DOR,Gq_6OIJ,A,/Users/irinamoreira/Downloads/Git_moreiralab/or_final_v12/consurf/input_pdb/DOR-Gq_6OIJ.pdb,/Users/irinamoreira/Downloads/Git_moreiralab/or_final_v12/consurf/input_pdb/DOR-Gq_6OIJ.pdb,DOR-Gq_6OIJ
DOR-Gz,DOR,Gz,A,/Users/irinamoreira/Downloads/Git_moreiralab/or_final_v12/consurf/input_pdb/DOR-Gz.pdb,/Users/irinamoreira/Downloads/Git_moreiralab/or_final_v12/consurf/input_pdb/DOR-Gz.pdb,DOR-Gz
KOR-Arr2_6PWC,KOR,Arr2_6PWC,A,/Users/irinamoreira/Downloads/Git_moreiralab/or_final_v12/consurf/input_pdb/KOR-Arr2_6PWC.pdb,/Users/irinamoreira/Downloads/Git_moreiralab/or_final_v12/consurf/input_pdb/KOR-Arr2_6PWC.pdb,KOR-Arr2_6PWC
KOR-Arr2_6U1N,KOR,Arr2_6U1N,A,/Users/irinamoreira/Downloads/Git_moreiralab/or_final_v12/consurf/input_pdb/KOR-Arr2_6U1N.pdb,/Users/irinamoreira/Downloads/Git_moreiralab/or_final_v12/consurf/input_pdb/KOR-Arr2_6U1N.pdb,KOR-Arr2_6U1N
KOR-Arr3_6PWC,KOR,Arr3_6PWC,A,/Users/irinamoreira/Downloads/Git_moreiralab/or_final_v12/consurf/input_pdb/KOR-Arr3_6PWC.pdb,/Users/irinamoreira/Downloads/Git_moreiralab/or_final_v12/consurf/input_pdb/KOR-Arr3_6PWC.pdb,KOR-Arr3_6PWC
KOR-Arr3_6U1N,KOR,Arr3_6U1N,A,/Users/irinamoreira/Downloads/Git_moreiralab/or_final_v12/consurf/input_pdb/KOR-Arr3_6U1N.pdb,/Users/irinamoreira/Downloads/Git_moreiralab/or_final_v12/consurf/input_pdb/KOR-Arr3_6U1N.pdb,KOR-Arr3_6U1N
KOR-G12_6DDF,KOR,G12_6DDF,A,/Users/irinamoreira/Downloads/Git_moreiralab/or_final_v12/consurf/input_pdb/KOR-G12_6DDF.pdb,/Users/irinamoreira/Downloads/Git_moreiralab/or_final_v12/consurf/input_pdb/KOR-G12_6DDF.pdb,KOR-G12_6DDF
KOR-G12_6OIJ,KOR,G12_6OIJ,A,/Users/irinamoreira/Downloads/Git_moreiralab/or_final_v12/consurf/input_pdb/KOR-G12_6OIJ.pdb,/Users/irinamoreira/Downloads/Git_moreiralab/or_final_v12/consurf/input_pdb/KOR-G12_6OIJ.pdb,KOR-G12_6OIJ
KOR-Gi1,KOR,Gi1,A,/Users/irinamoreira/Downloads/Git_moreiralab/or_final_v12/consurf/input_pdb/KOR-Gi1.pdb,/Users/irinamoreira/Downloads/Git_moreiralab/or_final_v12/consurf/input_pdb/KOR-Gi1.pdb,KOR-Gi1
KOR-Gi2,KOR,Gi2,A,/Users/irinamoreira/Downloads/Git_moreiralab/or_final_v12/consurf/input_pdb/KOR-Gi2.pdb,/Users/irinamoreira/Downloads/Git_moreiralab/or_final_v12/consurf/input_pdb/KOR-Gi2.pdb,KOR-Gi2
KOR-Gi3,KOR,Gi3,A,/Users/irinamoreira/Downloads/Git_moreiralab/or_final_v12/consurf/input_pdb/KOR-Gi3.pdb,/Users/irinamoreira/Downloads/Git_moreiralab/or_final_v12/consurf/input_pdb/KOR-Gi3.pdb,KOR-Gi3
KOR-Go,KOR,Go,A,/Users/irinamoreira/Downloads/Git_moreiralab/or_final_v12/consurf/input_pdb/KOR-Go.pdb,/Users/irinamoreira/Downloads/Git_moreiralab/or_final_v12/consurf/input_pdb/KOR-Go.pdb,KOR-Go
KOR-Gob,KOR,Gob,A,/Users/irinamoreira/Downloads/Git_moreiralab/or_final_v12/consurf/input_pdb/KOR-Gob.pdb,/Users/irinamoreira/Downloads/Git_moreiralab/or_final_v12/consurf/input_pdb/KOR-Gob.pdb,KOR-Gob
KOR-Gslo,KOR,Gslo,A,/Users/irinamoreira/Downloads/Git_moreiralab/or_final_v12/consurf/input_pdb/KOR-Gslo.pdb,/Users/irinamoreira/Downloads/Git_moreiralab/or_final_v12/consurf/input_pdb/KOR-Gslo.pdb,KOR-Gslo
KOR-Gssh,KOR,Gssh,A,/Users/irinamoreira/Downloads/Git_moreiralab/or_final_v12/consurf/input_pdb/KOR-Gssh.pdb,/Users/irinamoreira/Downloads/Git_moreiralab/or_final_v12/consurf/input_pdb/KOR-Gssh.pdb,KOR-Gssh
KOR-Gz,KOR,Gz,A,/Users/irinamoreira/Downloads/Git_moreiralab/or_final_v12/consurf/input_pdb/KOR-Gz.pdb,/Users/irinamoreira/Downloads/Git_moreiralab/or_final_v12/consurf/input_pdb/KOR-Gz.pdb,KOR-Gz
MOR-Arr2_6PWC,MOR,Arr2_6PWC,A,/Users/irinamoreira/Downloads/Git_moreiralab/or_final_v12/consurf/input_pdb/MOR-Arr2_6PWC.pdb,/Users/irinamoreira/Downloads/Git_moreiralab/or_final_v12/consurf/input_pdb/MOR-Arr2_6PWC.pdb,MOR-Arr2_6PWC
MOR-Arr2_6U1N,MOR,Arr2_6U1N,A,/Users/irinamoreira/Downloads/Git_moreiralab/or_final_v12/consurf/input_pdb/MOR-Arr2_6U1N.pdb,/Users/irinamoreira/Downloads/Git_moreiralab/or_final_v12/consurf/input_pdb/MOR-Arr2_6U1N.pdb,MOR-Arr2_6U1N
MOR-Arr3_6PWC,MOR,Arr3_6PWC,A,/Users/irinamoreira/Downloads/Git_moreiralab/or_final_v12/consurf/input_pdb/MOR-Arr3_6PWC.pdb,/Users/irinamoreira/Downloads/Git_moreiralab/or_final_v12/consurf/input_pdb/MOR-Arr3_6PWC.pdb,MOR-Arr3_6PWC
MOR-Arr3_6U1N,MOR,Arr3_6U1N,A,/Users/irinamoreira/Downloads/Git_moreiralab/or_final_v12/consurf/input_pdb/MOR-Arr3_6U1N.pdb,/Users/irinamoreira/Downloads/Git_moreiralab/or_final_v12/consurf/input_pdb/MOR-Arr3_6U1N.pdb,MOR-Arr3_6U1N
MOR-G11_6DDF,MOR,G11_6DDF,A,/Users/irinamoreira/Downloads/Git_moreiralab/or_final_v12/consurf/input_pdb/MOR-G11_6DDF.pdb,/Users/irinamoreira/Downloads/Git_moreiralab/or_final_v12/consurf/input_pdb/MOR-G11_6DDF.pdb,MOR-G11_6DDF
MOR-G11_6OIJ,MOR,G11_6OIJ,A,/Users/irinamoreira/Downloads/Git_moreiralab/or_final_v12/consurf/input_pdb/MOR-G11_6OIJ.pdb,/Users/irinamoreira/Downloads/Git_moreiralab/or_final_v12/consurf/input_pdb/MOR-G11_6OIJ.pdb,MOR-G11_6OIJ
MOR-G15_6DDF,MOR,G15_6DDF,A,/Users/irinamoreira/Downloads/Git_moreiralab/or_final_v12/consurf/input_pdb/MOR-G15_6DDF.pdb,/Users/irinamoreira/Downloads/Git_moreiralab/or_final_v12/consurf/input_pdb/MOR-G15_6DDF.pdb,MOR-G15_6DDF
MOR-G15_6OIJ,MOR,G15_6OIJ,A,/Users/irinamoreira/Downloads/Git_moreiralab/or_final_v12/consurf/input_pdb/MOR-G15_6OIJ.pdb,/Users/irinamoreira/Downloads/Git_moreiralab/or_final_v12/consurf/input_pdb/MOR-G15_6OIJ.pdb,MOR-G15_6OIJ
MOR-Gi1,MOR,Gi1,A,/Users/irinamoreira/Downloads/Git_moreiralab/or_final_v12/consurf/input_pdb/MOR-Gi1.pdb,/Users/irinamoreira/Downloads/Git_moreiralab/or_final_v12/consurf/input_pdb/MOR-Gi1.pdb,MOR-Gi1
MOR-Gi2,MOR,Gi2,A,/Users/irinamoreira/Downloads/Git_moreiralab/or_final_v12/consurf/input_pdb/MOR-Gi2.pdb,/Users/irinamoreira/Downloads/Git_moreiralab/or_final_v12/consurf/input_pdb/MOR-Gi2.pdb,MOR-Gi2
MOR-Gi3,MOR,Gi3,A,/Users/irinamoreira/Downloads/Git_moreiralab/or_final_v12/consurf/input_pdb/MOR-Gi3.pdb,/Users/irinamoreira/Downloads/Git_moreiralab/or_final_v12/consurf/input_pdb/MOR-Gi3.pdb,MOR-Gi3
MOR-Go,MOR,Go,A,/Users/irinamoreira/Downloads/Git_moreiralab/or_final_v12/consurf/input_pdb/MOR-Go.pdb,/Users/irinamoreira/Downloads/Git_moreiralab/or_final_v12/consurf/input_pdb/MOR-Go.pdb,MOR-Go
MOR-Gob,MOR,Gob,A,/Users/irinamoreira/Downloads/Git_moreiralab/or_final_v12/consurf/input_pdb/MOR-Gob.pdb,/Users/irinamoreira/Downloads/Git_moreiralab/or_final_v12/consurf/input_pdb/MOR-Gob.pdb,MOR-Gob
MOR-Gq_6DDF,MOR,Gq_6DDF,A,/Users/irinamoreira/Downloads/Git_moreiralab/or_final_v12/consurf/input_pdb/MOR-Gq_6DDF.pdb,/Users/irinamoreira/Downloads/Git_moreiralab/or_final_v12/consurf/input_pdb/MOR-Gq_6DDF.pdb,MOR-Gq_6DDF
MOR-Gq_6OIJ,MOR,Gq_6OIJ,A,/Users/irinamoreira/Downloads/Git_moreiralab/or_final_v12/consurf/input_pdb/MOR-Gq_6OIJ.pdb,/Users/irinamoreira/Downloads/Git_moreiralab/or_final_v12/consurf/input_pdb/MOR-Gq_6OIJ.pdb,MOR-Gq_6OIJ
MOR-Gslo,MOR,Gslo,A,/Users/irinamoreira/Downloads/Git_moreiralab/or_final_v12/consurf/input_pdb/MOR-Gslo.pdb,/Users/irinamoreira/Downloads/Git_moreiralab/or_final_v12/consurf/input_pdb/MOR-Gslo.pdb,MOR-Gslo
MOR-Gssh,MOR,Gssh,A,/Users/irinamoreira/Downloads/Git_moreiralab/or_final_v12/consurf/input_pdb/MOR-Gssh.pdb,/Users/irinamoreira/Downloads/Git_moreiralab/or_final_v12/consurf/input_pdb/MOR-Gssh.pdb,MOR-Gssh
MOR-Gz,MOR,Gz,A,/Users/irinamoreira/Downloads/Git_moreiralab/or_final_v12/consurf/input_pdb/MOR-Gz.pdb,/Users/irinamoreira/Downloads/Git_moreiralab/or_final_v12/consurf/input_pdb/MOR-Gz.pdb,MOR-Gz
NOP-Arr2_6PWC,NOP,Arr2_6PWC,A,/Users/irinamoreira/Downloads/Git_moreiralab/or_final_v12/consurf/input_pdb/NOP-Arr2_6PWC.pdb,/Users/irinamoreira/Downloads/Git_moreiralab/or_final_v12/consurf/input_pdb/NOP-Arr2_6PWC.pdb,NOP-Arr2_6PWC
NOP-Arr2_6U1N,NOP,Arr2_6U1N,A,/Users/irinamoreira/Downloads/Git_moreiralab/or_final_v12/consurf/input_pdb/NOP-Arr2_6U1N.pdb,/Users/irinamoreira/Downloads/Git_moreiralab/or_final_v12/consurf/input_pdb/NOP-Arr2_6U1N.pdb,NOP-Arr2_6U1N
NOP-Arr3_6PWC,NOP,Arr3_6PWC,A,/Users/irinamoreira/Downloads/Git_moreiralab/or_final_v12/consurf/input_pdb/NOP-Arr3_6PWC.pdb,/Users/irinamoreira/Downloads/Git_moreiralab/or_final_v12/consurf/input_pdb/NOP-Arr3_6PWC.pdb,NOP-Arr3_6PWC
NOP-Arr3_6U1N,NOP,Arr3_6U1N,A,/Users/irinamoreira/Downloads/Git_moreiralab/or_final_v12/consurf/input_pdb/NOP-Arr3_6U1N.pdb,/Users/irinamoreira/Downloads/Git_moreiralab/or_final_v12/consurf/input_pdb/NOP-Arr3_6U1N.pdb,NOP-Arr3_6U1N
NOP-G11_6DDF,NOP,G11_6DDF,A,/Users/irinamoreira/Downloads/Git_moreiralab/or_final_v12/consurf/input_pdb/NOP-G11_6DDF.pdb,/Users/irinamoreira/Downloads/Git_moreiralab/or_final_v12/consurf/input_pdb/NOP-G11_6DDF.pdb,NOP-G11_6DDF
NOP-G11_6OIJ,NOP,G11_6OIJ,A,/Users/irinamoreira/Downloads/Git_moreiralab/or_final_v12/consurf/input_pdb/NOP-G11_6OIJ.pdb,/Users/irinamoreira/Downloads/Git_moreiralab/or_final_v12/consurf/input_pdb/NOP-G11_6OIJ.pdb,NOP-G11_6OIJ
NOP-G12_6DDF,NOP,G12_6DDF,A,/Users/irinamoreira/Downloads/Git_moreiralab/or_final_v12/consurf/input_pdb/NOP-G12_6DDF.pdb,/Users/irinamoreira/Downloads/Git_moreiralab/or_final_v12/consurf/input_pdb/NOP-G12_6DDF.pdb,NOP-G12_6DDF
NOP-G12_6OIJ,NOP,G12_6OIJ,A,/Users/irinamoreira/Downloads/Git_moreiralab/or_final_v12/consurf/input_pdb/NOP-G12_6OIJ.pdb,/Users/irinamoreira/Downloads/Git_moreiralab/or_final_v12/consurf/input_pdb/NOP-G12_6OIJ.pdb,NOP-G12_6OIJ
NOP-G14_6DDF,NOP,G14_6DDF,A,/Users/irinamoreira/Downloads/Git_moreiralab/or_final_v12/consurf/input_pdb/NOP-G14_6DDF.pdb,/Users/irinamoreira/Downloads/Git_moreiralab/or_final_v12/consurf/input_pdb/NOP-G14_6DDF.pdb,NOP-G14_6DDF
NOP-G14_6OIJ,NOP,G14_6OIJ,A,/Users/irinamoreira/Downloads/Git_moreiralab/or_final_v12/consurf/input_pdb/NOP-G14_6OIJ.pdb,/Users/irinamoreira/Downloads/Git_moreiralab/or_final_v12/consurf/input_pdb/NOP-G14_6OIJ.pdb,NOP-G14_6OIJ
NOP-Gi1,NOP,Gi1,A,/Users/irinamoreira/Downloads/Git_moreiralab/or_final_v12/consurf/input_pdb/NOP-Gi1.pdb,/Users/irinamoreira/Downloads/Git_moreiralab/or_final_v12/consurf/input_pdb/NOP-Gi1.pdb,NOP-Gi1
NOP-Gi2,NOP,Gi2,A,/Users/irinamoreira/Downloads/Git_moreiralab/or_final_v12/consurf/input_pdb/NOP-Gi2.pdb,/Users/irinamoreira/Downloads/Git_moreiralab/or_final_v12/consurf/input_pdb/NOP-Gi2.pdb,NOP-Gi2
NOP-Gi3,NOP,Gi3,A,/Users/irinamoreira/Downloads/Git_moreiralab/or_final_v12/consurf/input_pdb/NOP-Gi3.pdb,/Users/irinamoreira/Downloads/Git_moreiralab/or_final_v12/consurf/input_pdb/NOP-Gi3.pdb,NOP-Gi3
NOP-Go,NOP,Go,A,/Users/irinamoreira/Downloads/Git_moreiralab/or_final_v12/consurf/input_pdb/NOP-Go.pdb,/Users/irinamoreira/Downloads/Git_moreiralab/or_final_v12/consurf/input_pdb/NOP-Go.pdb,NOP-Go
NOP-Gob,NOP,Gob,A,/Users/irinamoreira/Downloads/Git_moreiralab/or_final_v12/consurf/input_pdb/NOP-Gob.pdb,/Users/irinamoreira/Downloads/Git_moreiralab/or_final_v12/consurf/input_pdb/NOP-Gob.pdb,NOP-Gob
NOP-Gq_6DDF,NOP,Gq_6DDF,A,/Users/irinamoreira/Downloads/Git_moreiralab/or_final_v12/consurf/input_pdb/NOP-Gq_6DDF.pdb,/Users/irinamoreira/Downloads/Git_moreiralab/or_final_v12/consurf/input_pdb/NOP-Gq_6DDF.pdb,NOP-Gq_6DDF
NOP-Gq_6OIJ,NOP,Gq_6OIJ,A,/Users/irinamoreira/Downloads/Git_moreiralab/or_final_v12/consurf/input_pdb/NOP-Gq_6OIJ.pdb,/Users/irinamoreira/Downloads/Git_moreiralab/or_final_v12/consurf/input_pdb/NOP-Gq_6OIJ.pdb,NOP-Gq_6OIJ
NOP-Gz,NOP,Gz,A,/Users/irinamoreira/Downloads/Git_moreiralab/or_final_v12/consurf/input_pdb/NOP-Gz.pdb,/Users/irinamoreira/Downloads/Git_moreiralab/or_final_v12/consurf/input_pdb/NOP-Gz.pdb,NOP-Gz
