receptor;TM;;;;;;;;;;;;;;;;;;;;;;;;;;;;;
Gslo;HN;1;2;3;4;5;6;7;8;9;10;11;12;13;14;15;16;17;18;19;20;21;22;23;24;25;26;27;28;
Gslo;hns1;29;30;31;;;;;;;;;;;;;;;;;;;;;;;;;;
Gslo;S1;32;33;34;35;36;37;38;;;;;;;;;;;;;;;;;;;;;;
Gslo;s1h1;39;40;41;42;43;44;;;;;;;;;;;;;;;;;;;;;;;
Gslo;H1;45;46;47;48;49;50;51;52;53;54;55;56;;;;;;;;;;;;;;;;;
Gslo;h1ha;57;58;59;60;61;62;63;64;65;66;67;68;69;70;71;72;73;74;75;76;;;;;;;;;
Gslo;HA;77;78;79;80;81;82;83;84;85;86;87;88;89;90;91;92;93;94;95;96;97;98;99;100;101;102;103;104;105
Gslo;hahb;106;107;108;109;110;111;112;113;114;;;;;;;;;;;;;;;;;;;;
Gslo;HB;115;116;117;118;119;120;121;122;123;124;125;126;127;128;;;;;;;;;;;;;;;
Gslo;hbhc;129;130;131;132;133;134;135;;;;;;;;;;;;;;;;;;;;;;
Gslo;HC;136;137;138;139;140;141;142;143;144;145;146;147;;;;;;;;;;;;;;;;;
Gslo;hchd;148;;;;;;;;;;;;;;;;;;;;;;;;;;;;
Gslo;HD;149;150;151;152;153;154;155;156;157;158;159;160;;;;;;;;;;;;;;;;;
Gslo;hdhe;161;162;163;164;165;;;;;;;;;;;;;;;;;;;;;;;;
Gslo;HE;166;167;168;169;170;171;172;173;174;175;176;177;178;;;;;;;;;;;;;;;;
Gslo;hehf;179;180;181;182;183;184;185;;;;;;;;;;;;;;;;;;;;;;
Gslo;HF;186;187;188;189;190;191;;;;;;;;;;;;;;;;;;;;;;;
Gslo;hfs2;192;193;194;195;196;197;198;;;;;;;;;;;;;;;;;;;;;;
Gslo;S2;199;200;201;202;203;204;205;206;;;;;;;;;;;;;;;;;;;;;
Gslo;s2s3;207;208;;;;;;;;;;;;;;;;;;;;;;;;;;;
Gslo;S3;209;210;211;212;213;214;215;216;;;;;;;;;;;;;;;;;;;;;
Gslo;s3h2;217;218;219;;;;;;;;;;;;;;;;;;;;;;;;;;
Gslo;H2;220;221;222;223;224;225;226;227;228;229;;;;;;;;;;;;;;;;;;;
Gslo;h2s4;230;231;232;233;234;;;;;;;;;;;;;;;;;;;;;;;;
Gslo;S4;235;236;237;238;239;240;241;;;;;;;;;;;;;;;;;;;;;;
Gslo;s4h3;242;243;244;245;246;247;248;249;250;251;252;253;254;255;256;;;;;;;;;;;;;;
Gslo;H3;257;258;259;260;261;262;263;264;265;266;267;268;269;270;271;272;273;274;;;;;;;;;;;
Gslo;h3s5;275;276;277;;;;;;;;;;;;;;;;;;;;;;;;;;
Gslo;S5;278;279;280;281;282;283;284;;;;;;;;;;;;;;;;;;;;;;
Gslo;s5hg;285;;;;;;;;;;;;;;;;;;;;;;;;;;;;
Gslo;HG;286;287;288;289;290;291;292;293;294;295;296;297;298;299;300;301;302;;;;;;;;;;;;
Gslo;hgh4;303;304;305;306;307;308;309;310;311;312;313;314;315;316;317;318;319;320;321;322;323;;;;;;;;
Gslo;H4;324;325;326;327;328;329;330;331;332;333;334;335;336;337;338;339;;;;;;;;;;;;;
Gslo;h4s6;340;341;342;343;344;345;346;347;348;349;350;;;;;;;;;;;;;;;;;;
Gslo;S6;351;352;353;354;355;;;;;;;;;;;;;;;;;;;;;;;;
Gslo;s6h5;356;357;358;359;360;;;;;;;;;;;;;;;;;;;;;;;;
Gslo;H5;361;362;363;364;365;366;367;368;369;370;371;372;373;374;375;376;377;378;379;380;381;382;383;384;385;386;;;
Gssh;HN;1;2;3;4;5;6;7;8;9;10;11;12;13;14;15;16;17;18;19;20;21;22;23;24;25;26;27;28;
Gssh;hns1;29;30;31;;;;;;;;;;;;;;;;;;;;;;;;;;
Gssh;S1;32;33;34;35;36;37;38;;;;;;;;;;;;;;;;;;;;;;
Gssh;s1h1;39;40;41;42;43;44;;;;;;;;;;;;;;;;;;;;;;;
Gssh;H1;45;46;47;48;49;50;51;52;53;54;55;56;;;;;;;;;;;;;;;;;
Gssh;h1ha;57;58;59;60;61;62;63;64;;;;;;;;;;;;;;;;;;;;;
Gssh;HA;65;66;67;68;69;70;71;72;73;74;75;76;77;78;79;80;81;82;83;84;85;86;87;88;89;90;91;;
Gssh;hahb;92;93;94;95;96;97;98;99;100;;;;;;;;;;;;;;;;;;;;
Gssh;HB;101;102;103;104;105;106;107;108;109;110;111;112;113;114;;;;;;;;;;;;;;;
Gssh;hbhc;115;116;117;118;119;120;121;;;;;;;;;;;;;;;;;;;;;;
Gssh;HC;122;123;124;125;126;127;128;129;130;131;132;133;;;;;;;;;;;;;;;;;
Gssh;hchd;134;;;;;;;;;;;;;;;;;;;;;;;;;;;;
Gssh;HD;135;136;137;138;139;140;141;142;143;144;145;146;;;;;;;;;;;;;;;;;
Gssh;hdhe;147;148;149;150;151;;;;;;;;;;;;;;;;;;;;;;;;
Gssh;HE;152;153;154;155;156;157;158;159;160;161;162;163;164;;;;;;;;;;;;;;;;
Gssh;hehf;165;166;167;168;169;170;171;;;;;;;;;;;;;;;;;;;;;;
Gssh;HF;172;173;174;175;176;177;;;;;;;;;;;;;;;;;;;;;;;
Gssh;hfs2;178;179;180;181;182;183;184;;;;;;;;;;;;;;;;;;;;;;
Gssh;S2;185;186;187;188;189;190;191;192;;;;;;;;;;;;;;;;;;;;;
Gssh;s2s3;193;194;;;;;;;;;;;;;;;;;;;;;;;;;;;
Gssh;S3;195;196;197;198;199;200;201;202;;;;;;;;;;;;;;;;;;;;;
Gssh;s3h2;203;204;205;;;;;;;;;;;;;;;;;;;;;;;;;;
Gssh;H2;206;207;208;209;210;211;212;213;214;215;;;;;;;;;;;;;;;;;;;
Gssh;h2s4;216;217;218;219;220;;;;;;;;;;;;;;;;;;;;;;;;
Gssh;S4;221;222;223;224;225;226;227;;;;;;;;;;;;;;;;;;;;;;
Gssh;s4h3;228;229;230;231;232;233;234;235;236;237;238;239;240;241;242;;;;;;;;;;;;;;
Gssh;H3;243;244;245;246;247;248;249;250;251;252;253;254;255;256;257;258;259;260;;;;;;;;;;;
Gssh;h3s5;261;262;263;;;;;;;;;;;;;;;;;;;;;;;;;;
Gssh;S5;264;265;266;267;268;269;270;;;;;;;;;;;;;;;;;;;;;;
Gssh;s5hg;271;;;;;;;;;;;;;;;;;;;;;;;;;;;;
Gssh;HG;272;273;274;275;276;277;278;279;280;281;282;283;284;285;286;287;288;;;;;;;;;;;;
Gssh;hgh4;289;290;291;292;293;294;295;296;297;298;299;300;301;302;303;304;305;306;307;308;309;;;;;;;;
Gssh;H4;310;311;312;313;314;315;316;317;318;319;320;321;322;323;324;325;;;;;;;;;;;;;
Gssh;h4s6;326;327;328;329;330;331;332;333;334;335;336;;;;;;;;;;;;;;;;;;
Gssh;S6;337;338;339;340;341;;;;;;;;;;;;;;;;;;;;;;;;
Gssh;s6h5;342;343;344;345;346;;;;;;;;;;;;;;;;;;;;;;;;
Gssh;H5;347;348;349;350;351;352;353;354;355;356;357;358;359;360;361;362;363;364;365;366;367;368;369;370;371;372;;;
Gi1;HN;1;2;3;4;5;6;7;8;9;10;11;12;13;14;15;16;17;18;19;20;21;22;23;24;25;26;27;28;29
Gi1;hns1;30;31;32;;;;;;;;;;;;;;;;;;;;;;;;;;
Gi1;S1;33;34;35;36;37;38;39;;;;;;;;;;;;;;;;;;;;;;
Gi1;s1h1;40;41;42;43;44;45;;;;;;;;;;;;;;;;;;;;;;;
Gi1;H1;46;47;48;49;50;51;52;53;54;55;56;57;;;;;;;;;;;;;;;;;
Gi1;h1ha;58;59;60;61;62;;;;;;;;;;;;;;;;;;;;;;;;
Gi1;HA;63;64;65;66;67;68;69;70;71;72;73;74;75;76;77;78;79;80;81;82;83;84;85;86;87;88;89;90;91
Gi1;hahb;92;93;94;95;96;97;98;;;;;;;;;;;;;;;;;;;;;;
Gi1;HB;99;100;101;102;103;104;105;106;107;108;109;110;111;112;;;;;;;;;;;;;;;
Gi1;hbhc;113;114;115;116;117;118;119;120;;;;;;;;;;;;;;;;;;;;;
Gi1;HC;121;122;123;124;125;126;127;128;129;130;131;132;;;;;;;;;;;;;;;;;
Gi1;hchd;133;;;;;;;;;;;;;;;;;;;;;;;;;;;;
Gi1;HD;134;135;136;137;138;139;140;141;142;143;144;145;;;;;;;;;;;;;;;;;
Gi1;hdhe;146;147;148;149;150;;;;;;;;;;;;;;;;;;;;;;;;
Gi1;HE;151;152;153;154;155;156;157;158;159;160;161;162;163;;;;;;;;;;;;;;;;
Gi1;hehf;164;165;166;167;168;169;170;;;;;;;;;;;;;;;;;;;;;;
Gi1;HF;171;172;173;174;175;176;;;;;;;;;;;;;;;;;;;;;;;
Gi1;hfs2;177;178;179;180;181;182;183;;;;;;;;;;;;;;;;;;;;;;
Gi1;S2;184;185;186;187;188;189;190;191;;;;;;;;;;;;;;;;;;;;;
Gi1;s2s3;192;193;;;;;;;;;;;;;;;;;;;;;;;;;;;
Gi1;S3;194;195;196;197;198;199;200;201;;;;;;;;;;;;;;;;;;;;;
Gi1;s3h2;202;203;204;;;;;;;;;;;;;;;;;;;;;;;;;;
Gi1;H2;205;206;207;208;209;210;211;212;213;214;;;;;;;;;;;;;;;;;;;
Gi1;h2s4;215;216;217;218;219;;;;;;;;;;;;;;;;;;;;;;;;
Gi1;S4;220;221;222;223;224;225;226;;;;;;;;;;;;;;;;;;;;;;
Gi1;s4h3;227;228;229;230;231;232;233;234;235;236;237;238;239;240;241;;;;;;;;;;;;;;
Gi1;H3;242;243;244;245;246;247;248;249;250;251;252;253;254;255;256;257;258;259;;;;;;;;;;;
Gi1;h3s5;260;261;262;;;;;;;;;;;;;;;;;;;;;;;;;;
Gi1;S5;263;264;265;266;267;268;269;;;;;;;;;;;;;;;;;;;;;;
Gi1;s5hg;270;;;;;;;;;;;;;;;;;;;;;;;;;;;;
Gi1;HG;271;272;273;274;275;276;277;278;279;280;281;282;283;284;285;;;;;;;;;;;;;;
Gi1;hgh4;286;287;288;289;290;291;292;293;;;;;;;;;;;;;;;;;;;;;
Gi1;H4;294;295;296;297;298;299;300;301;302;303;304;305;306;307;308;309;;;;;;;;;;;;;
Gi1;h4s6;310;311;312;313;314;315;316;317;318;;;;;;;;;;;;;;;;;;;;
Gi1;S6;319;320;321;322;323;;;;;;;;;;;;;;;;;;;;;;;;
Gi1;s6h5;324;325;326;327;328;;;;;;;;;;;;;;;;;;;;;;;;
Gi1;H5;329;330;331;332;333;334;335;336;337;338;339;340;341;342;343;344;345;346;347;348;349;350;351;352;353;354;;;
Gi2;HN;1;2;3;4;5;6;7;8;9;10;11;12;13;14;15;16;17;18;19;20;21;22;23;24;25;26;27;28;29
Gi2;hns1;30;31;32;;;;;;;;;;;;;;;;;;;;;;;;;;
Gi2;S1;33;34;35;36;37;38;39;;;;;;;;;;;;;;;;;;;;;;
Gi2;s1h1;40;41;42;43;44;45;;;;;;;;;;;;;;;;;;;;;;;
Gi2;H1;46;47;48;49;50;51;52;53;54;55;56;57;;;;;;;;;;;;;;;;;
Gi2;h1ha;58;59;60;61;62;;;;;;;;;;;;;;;;;;;;;;;;
Gi2;HA;63;64;65;66;67;68;69;70;71;72;73;74;75;76;77;78;79;80;81;82;83;84;85;86;87;88;89;90;91
Gi2;hahb;92;93;94;95;96;97;98;;;;;;;;;;;;;;;;;;;;;;
Gi2;HB;99;100;101;102;103;104;105;106;107;108;109;110;111;112;;;;;;;;;;;;;;;
Gi2;hbhc;113;114;115;116;117;118;119;120;121;;;;;;;;;;;;;;;;;;;;
Gi2;HC;122;123;124;125;126;127;128;129;130;131;132;133;;;;;;;;;;;;;;;;;
Gi2;hchd;134;;;;;;;;;;;;;;;;;;;;;;;;;;;;
Gi2;HD;135;136;137;138;139;140;141;142;143;144;145;146;;;;;;;;;;;;;;;;;
Gi2;hdhe;147;148;149;150;151;;;;;;;;;;;;;;;;;;;;;;;;
Gi2;HE;152;153;154;155;156;157;158;159;160;161;162;163;164;;;;;;;;;;;;;;;;
Gi2;hehf;165;166;167;168;169;170;171;;;;;;;;;;;;;;;;;;;;;;
Gi2;HF;172;173;174;175;176;177;;;;;;;;;;;;;;;;;;;;;;;
Gi2;hfs2;178;179;180;181;182;183;184;;;;;;;;;;;;;;;;;;;;;;
Gi2;S2;185;186;187;188;189;190;191;192;;;;;;;;;;;;;;;;;;;;;
Gi2;s2s3;193;194;;;;;;;;;;;;;;;;;;;;;;;;;;;
Gi2;S3;195;196;197;198;199;200;201;202;;;;;;;;;;;;;;;;;;;;;
Gi2;s3h2;203;204;205;;;;;;;;;;;;;;;;;;;;;;;;;;
Gi2;H2;206;207;208;209;210;211;212;213;214;215;;;;;;;;;;;;;;;;;;;
Gi2;h2s4;216;217;218;219;220;;;;;;;;;;;;;;;;;;;;;;;;
Gi2;S4;221;222;223;224;225;226;227;;;;;;;;;;;;;;;;;;;;;;
Gi2;s4h3;228;229;230;231;232;233;234;235;236;237;238;239;240;241;242;;;;;;;;;;;;;;
Gi2;H3;243;244;245;246;247;248;249;250;251;252;253;254;255;256;257;258;259;260;;;;;;;;;;;
Gi2;h3s5;261;262;263;;;;;;;;;;;;;;;;;;;;;;;;;;
Gi2;S5;264;265;266;267;268;269;270;;;;;;;;;;;;;;;;;;;;;;
Gi2;s5hg;271;;;;;;;;;;;;;;;;;;;;;;;;;;;;
Gi2;HG;272;273;274;275;276;277;278;279;280;281;282;283;284;285;286;;;;;;;;;;;;;;
Gi2;hgh4;287;288;289;290;291;292;293;294;;;;;;;;;;;;;;;;;;;;;
Gi2;H4;295;296;297;298;299;300;301;302;303;304;305;306;307;308;309;310;;;;;;;;;;;;;
Gi2;h4s6;311;312;313;314;315;316;317;318;319;;;;;;;;;;;;;;;;;;;;
Gi2;S6;320;321;322;323;324;;;;;;;;;;;;;;;;;;;;;;;;
Gi2;s6h5;325;326;327;328;329;;;;;;;;;;;;;;;;;;;;;;;;
Gi2;H5;330;331;332;333;334;335;336;337;338;339;340;341;342;343;344;345;346;347;348;349;350;351;352;353;354;355;;;
Gi3;HN;1;2;3;4;5;6;7;8;9;10;11;12;13;14;15;16;17;18;19;20;21;22;23;24;25;26;27;28;29
Gi3;hns1;30;31;32;;;;;;;;;;;;;;;;;;;;;;;;;;
Gi3;S1;33;34;35;36;37;38;39;;;;;;;;;;;;;;;;;;;;;;
Gi3;s1h1;40;41;42;43;44;45;;;;;;;;;;;;;;;;;;;;;;;
Gi3;H1;46;47;48;49;50;51;52;53;54;55;56;57;;;;;;;;;;;;;;;;;
Gi3;h1ha;58;59;60;61;62;;;;;;;;;;;;;;;;;;;;;;;;
Gi3;HA;63;64;65;66;67;68;69;70;71;72;73;74;75;76;77;78;79;80;81;82;83;84;85;86;87;88;89;90;91
Gi3;hahb;92;93;94;95;96;97;98;;;;;;;;;;;;;;;;;;;;;;
Gi3;HB;99;100;101;102;103;104;105;106;107;108;109;110;111;112;;;;;;;;;;;;;;;
Gi3;hbhc;113;114;115;116;117;118;119;120;;;;;;;;;;;;;;;;;;;;;
Gi3;HC;121;122;123;124;125;126;127;128;129;130;131;132;;;;;;;;;;;;;;;;;
Gi3;hchd;133;;;;;;;;;;;;;;;;;;;;;;;;;;;;
Gi3;HD;134;135;136;137;138;139;140;141;142;143;144;145;;;;;;;;;;;;;;;;;
Gi3;hdhe;146;147;148;149;150;;;;;;;;;;;;;;;;;;;;;;;;
Gi3;HE;151;152;153;154;155;156;157;158;159;160;161;162;163;;;;;;;;;;;;;;;;
Gi3;hehf;164;165;166;167;168;169;170;;;;;;;;;;;;;;;;;;;;;;
Gi3;HF;171;172;173;174;175;176;;;;;;;;;;;;;;;;;;;;;;;
Gi3;hfs2;177;178;179;180;181;182;183;;;;;;;;;;;;;;;;;;;;;;
Gi3;S2;184;185;186;187;188;189;190;191;;;;;;;;;;;;;;;;;;;;;
Gi3;s2s3;192;193;;;;;;;;;;;;;;;;;;;;;;;;;;;
Gi3;S3;194;195;196;197;198;199;200;201;;;;;;;;;;;;;;;;;;;;;
Gi3;s3h2;202;203;204;;;;;;;;;;;;;;;;;;;;;;;;;;
Gi3;H2;205;206;207;208;209;210;211;212;213;214;;;;;;;;;;;;;;;;;;;
Gi3;h2s4;215;216;217;218;219;;;;;;;;;;;;;;;;;;;;;;;;
Gi3;S4;220;221;222;223;224;225;226;;;;;;;;;;;;;;;;;;;;;;
Gi3;s4h3;227;228;229;230;231;232;233;234;235;236;237;238;239;240;241;;;;;;;;;;;;;;
Gi3;H3;242;243;244;245;246;247;248;249;250;251;252;253;254;255;256;257;258;259;;;;;;;;;;;
Gi3;h3s5;260;261;262;;;;;;;;;;;;;;;;;;;;;;;;;;
Gi3;S5;263;264;265;266;267;268;269;;;;;;;;;;;;;;;;;;;;;;
Gi3;s5hg;270;;;;;;;;;;;;;;;;;;;;;;;;;;;;
Gi3;HG;271;272;273;274;275;276;277;278;279;280;281;282;283;284;285;;;;;;;;;;;;;;
Gi3;hgh4;286;287;288;289;290;291;292;293;;;;;;;;;;;;;;;;;;;;;
Gi3;H4;294;295;296;297;298;299;300;301;302;303;304;305;306;307;308;309;;;;;;;;;;;;;
Gi3;h4s6;310;311;312;313;314;315;316;317;318;;;;;;;;;;;;;;;;;;;;
Gi3;S6;319;320;321;322;323;;;;;;;;;;;;;;;;;;;;;;;;
Gi3;s6h5;324;325;326;327;328;;;;;;;;;;;;;;;;;;;;;;;;
Gi3;H5;329;330;331;332;333;334;335;336;337;338;339;340;341;342;343;344;345;346;347;348;349;350;351;352;353;354;;;
Gz;HN;1;2;3;4;5;6;7;8;9;10;11;12;13;14;15;16;17;18;19;20;21;22;23;24;25;26;27;28;29
Gz;hns1;30;31;32;;;;;;;;;;;;;;;;;;;;;;;;;;
Gz;S1;33;34;35;36;37;38;39;;;;;;;;;;;;;;;;;;;;;;
Gz;s1h1;40;41;42;43;44;45;;;;;;;;;;;;;;;;;;;;;;;
Gz;H1;46;47;48;49;50;51;52;53;54;55;56;57;;;;;;;;;;;;;;;;;
Gz;h1ha;58;59;60;61;62;;;;;;;;;;;;;;;;;;;;;;;;
Gz;HA;63;64;65;66;67;68;69;70;71;72;73;74;75;76;77;78;79;80;81;82;83;84;85;86;87;88;89;90;91
Gz;hahb;92;93;94;95;96;97;98;;;;;;;;;;;;;;;;;;;;;;
Gz;HB;99;100;101;102;103;104;105;106;107;108;109;110;111;112;;;;;;;;;;;;;;;
Gz;hbhc;113;114;115;116;117;118;119;120;121;;;;;;;;;;;;;;;;;;;;
Gz;HC;122;123;124;125;126;127;128;129;130;131;132;133;;;;;;;;;;;;;;;;;
Gz;hchd;134;;;;;;;;;;;;;;;;;;;;;;;;;;;;
Gz;HD;135;136;137;138;139;140;141;142;143;144;145;146;;;;;;;;;;;;;;;;;
Gz;hdhe;147;148;149;150;151;;;;;;;;;;;;;;;;;;;;;;;;
Gz;HE;152;153;154;155;156;157;158;159;160;161;162;163;164;;;;;;;;;;;;;;;;
Gz;hehf;165;166;167;168;169;170;171;;;;;;;;;;;;;;;;;;;;;;
Gz;HF;172;173;174;175;176;177;;;;;;;;;;;;;;;;;;;;;;;
Gz;hfs2;178;179;180;181;182;183;184;;;;;;;;;;;;;;;;;;;;;;
Gz;S2;185;186;187;188;189;190;191;192;;;;;;;;;;;;;;;;;;;;;
Gz;s2s3;193;194;;;;;;;;;;;;;;;;;;;;;;;;;;;
Gz;S3;195;196;197;198;199;200;201;202;;;;;;;;;;;;;;;;;;;;;
Gz;s3h2;203;204;205;;;;;;;;;;;;;;;;;;;;;;;;;;
Gz;H2;206;207;208;209;210;211;212;213;214;215;;;;;;;;;;;;;;;;;;;
Gz;h2s4;216;217;218;219;220;;;;;;;;;;;;;;;;;;;;;;;;
Gz;S4;221;222;223;224;225;226;227;;;;;;;;;;;;;;;;;;;;;;
Gz;s4h3;228;229;230;231;232;233;234;235;236;237;238;239;240;241;242;;;;;;;;;;;;;;
Gz;H3;243;244;245;246;247;248;249;250;251;252;253;254;255;256;257;258;259;260;;;;;;;;;;;
Gz;h3s5;261;262;263;;;;;;;;;;;;;;;;;;;;;;;;;;
Gz;S5;264;265;266;267;268;269;270;;;;;;;;;;;;;;;;;;;;;;
Gz;s5hg;271;;;;;;;;;;;;;;;;;;;;;;;;;;;;
Gz;HG;272;273;274;275;276;277;278;279;280;281;282;283;284;285;286;;;;;;;;;;;;;;
Gz;hgh4;287;288;289;290;291;292;293;294;;;;;;;;;;;;;;;;;;;;;
Gz;H4;295;296;297;298;299;300;301;302;303;304;305;306;307;308;309;310;;;;;;;;;;;;;
Gz;h4s6;311;312;313;314;315;316;317;318;319;;;;;;;;;;;;;;;;;;;;
Gz;S6;320;321;322;323;324;;;;;;;;;;;;;;;;;;;;;;;;
Gz;s6h5;325;326;327;328;329;;;;;;;;;;;;;;;;;;;;;;;;
Gz;H5;330;331;332;333;334;335;336;337;338;339;340;341;342;343;344;345;346;347;348;349;350;;;;;;;;
Go;HN;1;2;3;4;5;6;7;8;9;10;11;12;13;14;15;16;17;18;19;20;21;22;23;24;25;26;27;28;29
Go;hns1;30;31;32;;;;;;;;;;;;;;;;;;;;;;;;;;
Go;S1;33;34;35;36;37;38;39;;;;;;;;;;;;;;;;;;;;;;
Go;s1h1;40;41;42;43;44;45;;;;;;;;;;;;;;;;;;;;;;;
Go;H1;46;47;48;49;50;51;52;53;54;55;56;57;;;;;;;;;;;;;;;;;
Go;h1ha;58;59;60;61;62;;;;;;;;;;;;;;;;;;;;;;;;
Go;HA;63;64;65;66;67;68;69;70;71;72;73;74;75;76;77;78;79;80;81;82;83;84;85;86;87;88;89;90;91
Go;hahb;92;93;94;95;96;97;98;;;;;;;;;;;;;;;;;;;;;;
Go;HB;99;100;101;102;103;104;105;106;107;108;109;110;111;112;;;;;;;;;;;;;;;
Go;hbhc;113;114;115;116;117;118;119;120;121;;;;;;;;;;;;;;;;;;;;
Go;HC;122;123;124;125;126;127;128;129;130;131;132;133;;;;;;;;;;;;;;;;;
Go;hchd;134;;;;;;;;;;;;;;;;;;;;;;;;;;;;
Go;HD;135;136;137;138;139;140;141;142;143;144;145;146;;;;;;;;;;;;;;;;;
Go;hdhe;147;148;149;150;151;;;;;;;;;;;;;;;;;;;;;;;;
Go;HE;152;153;154;155;156;157;158;159;160;161;162;163;164;;;;;;;;;;;;;;;;
Go;hehf;165;166;167;168;169;170;171;;;;;;;;;;;;;;;;;;;;;;
Go;HF;172;173;174;175;176;177;;;;;;;;;;;;;;;;;;;;;;;
Go;hfs2;178;179;180;181;182;183;184;;;;;;;;;;;;;;;;;;;;;;
Go;S2;185;186;187;188;189;190;191;192;;;;;;;;;;;;;;;;;;;;;
Go;s2s3;193;194;;;;;;;;;;;;;;;;;;;;;;;;;;;
Go;S3;195;196;197;198;199;200;201;202;;;;;;;;;;;;;;;;;;;;;
Go;s3h2;203;204;205;;;;;;;;;;;;;;;;;;;;;;;;;;
Go;H2;206;207;208;209;210;211;212;213;214;215;;;;;;;;;;;;;;;;;;;
Go;h2s4;216;217;218;219;220;;;;;;;;;;;;;;;;;;;;;;;;
Go;S4;221;222;223;224;225;226;227;;;;;;;;;;;;;;;;;;;;;;
Go;s4h3;228;229;230;231;232;233;234;235;236;237;238;239;240;241;242;;;;;;;;;;;;;;
Go;H3;243;244;245;246;247;248;249;250;251;252;253;254;255;256;257;258;259;260;;;;;;;;;;;
Go;h3s5;261;262;263;;;;;;;;;;;;;;;;;;;;;;;;;;
Go;S5;264;265;266;267;268;269;270;;;;;;;;;;;;;;;;;;;;;;
Go;s5hg;271;;;;;;;;;;;;;;;;;;;;;;;;;;;;
Go;HG;272;273;274;275;276;277;278;279;280;281;282;283;284;285;286;;;;;;;;;;;;;;
Go;hgh4;287;288;289;290;291;292;293;294;;;;;;;;;;;;;;;;;;;;;
Go;H4;295;296;297;298;299;300;301;302;303;304;305;306;307;308;309;310;;;;;;;;;;;;;
Go;h4s6;311;312;313;314;315;316;317;318;;;;;;;;;;;;;;;;;;;;;
Go;S6;319;320;321;322;323;;;;;;;;;;;;;;;;;;;;;;;;
Go;s6h5;324;325;326;327;328;;;;;;;;;;;;;;;;;;;;;;;;
Go;H5;329;330;331;332;333;334;335;336;337;338;339;340;341;342;343;344;345;346;347;348;349;350;351;352;353;354;;;
Gob;HN;1;2;3;4;5;6;7;8;9;10;11;12;13;14;15;16;17;18;19;20;21;22;23;24;25;26;27;28;29
Gob;hns1;30;31;32;;;;;;;;;;;;;;;;;;;;;;;;;;
Gob;S1;33;34;35;36;37;38;39;;;;;;;;;;;;;;;;;;;;;;
Gob;s1h1;40;41;42;43;44;45;;;;;;;;;;;;;;;;;;;;;;;
Gob;H1;46;47;48;49;50;51;52;53;54;55;56;57;;;;;;;;;;;;;;;;;
Gob;h1ha;58;59;60;61;62;;;;;;;;;;;;;;;;;;;;;;;;
Gob;HA;63;64;65;66;67;68;69;70;71;72;73;74;75;76;77;78;79;80;81;82;83;84;85;86;87;88;89;90;91
Gob;hahb;92;93;94;95;96;97;98;;;;;;;;;;;;;;;;;;;;;;
Gob;HB;99;100;101;102;103;104;105;106;107;108;109;110;111;112;;;;;;;;;;;;;;;
Gob;hbhc;113;114;115;116;117;118;119;120;121;;;;;;;;;;;;;;;;;;;;
Gob;HC;122;123;124;125;126;127;128;129;130;131;132;133;;;;;;;;;;;;;;;;;
Gob;hchd;134;;;;;;;;;;;;;;;;;;;;;;;;;;;;
Gob;HD;135;136;137;138;139;140;141;142;143;144;145;146;;;;;;;;;;;;;;;;;
Gob;hdhe;147;148;149;150;151;;;;;;;;;;;;;;;;;;;;;;;;
Gob;HE;152;153;154;155;156;157;158;159;160;161;162;163;164;;;;;;;;;;;;;;;;
Gob;hehf;165;166;167;168;169;170;171;;;;;;;;;;;;;;;;;;;;;;
Gob;HF;172;173;174;175;176;177;;;;;;;;;;;;;;;;;;;;;;;
Gob;hfs2;178;179;180;181;182;183;184;;;;;;;;;;;;;;;;;;;;;;
Gob;S2;185;186;187;188;189;190;191;192;;;;;;;;;;;;;;;;;;;;;
Gob;s2s3;193;194;;;;;;;;;;;;;;;;;;;;;;;;;;;
Gob;S3;195;196;197;198;199;200;201;202;;;;;;;;;;;;;;;;;;;;;
Gob;s3h2;203;204;205;;;;;;;;;;;;;;;;;;;;;;;;;;
Gob;H2;206;207;208;209;210;211;212;213;214;215;;;;;;;;;;;;;;;;;;;
Gob;h2s4;216;217;218;219;220;;;;;;;;;;;;;;;;;;;;;;;;
Gob;S4;221;222;223;224;225;226;227;;;;;;;;;;;;;;;;;;;;;;
Gob;s4h3;228;229;230;231;232;233;234;235;236;237;238;239;240;241;242;;;;;;;;;;;;;;
Gob;H3;243;244;245;246;247;248;249;250;251;252;253;254;255;256;257;258;259;260;;;;;;;;;;;
Gob;h3s5;261;262;263;;;;;;;;;;;;;;;;;;;;;;;;;;
Gob;S5;264;265;266;267;268;269;270;;;;;;;;;;;;;;;;;;;;;;
Gob;s5hg;271;;;;;;;;;;;;;;;;;;;;;;;;;;;;
Gob;HG;272;273;274;275;276;277;278;279;280;281;282;283;284;285;286;;;;;;;;;;;;;;
Gob;hgh4;287;288;289;290;291;292;293;294;;;;;;;;;;;;;;;;;;;;;
Gob;H4;295;296;297;298;299;300;301;302;303;304;305;306;307;308;309;310;;;;;;;;;;;;;
Gob;h4s6;311;312;313;314;315;316;317;318;;;;;;;;;;;;;;;;;;;;;
Gob;S6;319;320;321;322;323;;;;;;;;;;;;;;;;;;;;;;;;
Gob;s6h5;324;325;326;327;328;;;;;;;;;;;;;;;;;;;;;;;;
Gob;H5;329;330;331;332;333;334;335;336;337;338;339;340;341;342;343;344;345;346;347;348;349;350;351;352;353;354;;;
Gq_6OIJ;HN;1;2;3;4;5;6;7;8;9;10;11;12;13;14;15;16;17;18;19;20;21;22;23;24;25;26;27;28;29
Gq_6OIJ;hns1;30;31;32;;;;;;;;;;;;;;;;;;;;;;;;;;
Gq_6OIJ;S1;33;34;35;36;37;38;39;;;;;;;;;;;;;;;;;;;;;;
Gq_6OIJ;s1h1;40;41;42;43;44;45;;;;;;;;;;;;;;;;;;;;;;;
Gq_6OIJ;H1;46;47;48;49;50;51;52;53;54;55;56;57;;;;;;;;;;;;;;;;;
Gq_6OIJ;h1ha;58;59;60;61;62;;;;;;;;;;;;;;;;;;;;;;;;
Gq_6OIJ;HA;63;64;65;66;67;68;69;70;71;72;73;74;75;76;77;78;79;80;81;82;83;84;85;86;87;88;89;90;91
Gq_6OIJ;hahb;92;93;94;95;96;97;98;;;;;;;;;;;;;;;;;;;;;;
Gq_6OIJ;HB;99;100;101;102;103;104;105;106;107;108;109;110;111;112;;;;;;;;;;;;;;;
Gq_6OIJ;hbhc;113;114;115;116;117;118;119;;;;;;;;;;;;;;;;;;;;;;
Gq_6OIJ;HC;120;121;122;123;124;125;126;127;128;129;130;131;;;;;;;;;;;;;;;;;
Gq_6OIJ;hchd;132;;;;;;;;;;;;;;;;;;;;;;;;;;;;
Gq_6OIJ;HD;133;134;135;136;137;138;139;140;141;142;143;144;;;;;;;;;;;;;;;;;
Gq_6OIJ;hdhe;145;146;147;148;149;;;;;;;;;;;;;;;;;;;;;;;;
Gq_6OIJ;HE;150;151;152;153;154;155;156;157;158;159;160;161;162;;;;;;;;;;;;;;;;
Gq_6OIJ;hehf;163;164;165;166;167;168;169;;;;;;;;;;;;;;;;;;;;;;
Gq_6OIJ;HF;170;171;172;173;174;175;;;;;;;;;;;;;;;;;;;;;;;
Gq_6OIJ;hfs2;176;177;178;179;180;181;182;;;;;;;;;;;;;;;;;;;;;;
Gq_6OIJ;S2;183;184;185;186;187;188;189;190;;;;;;;;;;;;;;;;;;;;;
Gq_6OIJ;s2s3;191;192;;;;;;;;;;;;;;;;;;;;;;;;;;;
Gq_6OIJ;S3;193;194;195;196;197;198;199;200;;;;;;;;;;;;;;;;;;;;;
Gq_6OIJ;s3h2;201;202;203;;;;;;;;;;;;;;;;;;;;;;;;;;
Gq_6OIJ;H2;204;205;206;207;208;209;210;211;212;213;;;;;;;;;;;;;;;;;;;
Gq_6OIJ;h2s4;214;215;216;217;218;;;;;;;;;;;;;;;;;;;;;;;;
Gq_6OIJ;S4;219;220;221;222;223;224;225;;;;;;;;;;;;;;;;;;;;;;
Gq_6OIJ;s4h3;226;227;228;229;230;231;232;233;234;235;236;237;238;239;240;;;;;;;;;;;;;;
Gq_6OIJ;H3;241;242;243;244;245;246;247;248;249;250;251;252;253;254;255;256;257;258;;;;;;;;;;;
Gq_6OIJ;h3s5;259;260;261;;;;;;;;;;;;;;;;;;;;;;;;;;
Gq_6OIJ;S5;262;263;264;265;266;267;268;;;;;;;;;;;;;;;;;;;;;;
Gq_6OIJ;s5hg;269;;;;;;;;;;;;;;;;;;;;;;;;;;;;
Gq_6OIJ;HG;270;271;272;273;274;275;276;277;278;279;280;281;282;283;284;;;;;;;;;;;;;;
Gq_6OIJ;hgh4;285;286;287;288;289;290;291;292;;;;;;;;;;;;;;;;;;;;;
Gq_6OIJ;H4;293;294;295;296;297;298;299;300;301;302;303;304;305;306;307;308;309;;;;;;;;;;;;
Gq_6OIJ;h4s6;310;311;312;313;314;315;316;317;;;;;;;;;;;;;;;;;;;;;
Gq_6OIJ;S6;318;319;320;321;322;;;;;;;;;;;;;;;;;;;;;;;;
Gq_6OIJ;s6h5;323;324;325;326;327;;;;;;;;;;;;;;;;;;;;;;;;
Gq_6OIJ;H5;328;329;330;331;332;333;334;335;336;337;338;339;340;341;342;343;344;345;346;347;348;349;350;351;352;;;;
Gq_6DDF;HN;1;2;3;4;5;6;7;8;9;10;11;12;13;14;15;16;17;18;19;20;21;22;23;24;25;26;27;28;29
Gq_6DDF;hns1;30;31;32;;;;;;;;;;;;;;;;;;;;;;;;;;
Gq_6DDF;S1;33;34;35;36;37;38;39;;;;;;;;;;;;;;;;;;;;;;
Gq_6DDF;s1h1;40;41;42;43;44;45;;;;;;;;;;;;;;;;;;;;;;;
Gq_6DDF;H1;46;47;48;49;50;51;52;53;54;55;56;57;;;;;;;;;;;;;;;;;
Gq_6DDF;h1ha;58;59;60;61;62;;;;;;;;;;;;;;;;;;;;;;;;
Gq_6DDF;HA;63;64;65;66;67;68;69;70;71;72;73;74;75;76;77;78;79;80;81;82;83;84;85;86;87;88;89;90;91
Gq_6DDF;hahb;92;93;94;95;96;97;98;;;;;;;;;;;;;;;;;;;;;;
Gq_6DDF;HB;99;100;101;102;103;104;105;106;107;108;109;110;111;112;;;;;;;;;;;;;;;
Gq_6DDF;hbhc;113;114;115;116;117;118;119;;;;;;;;;;;;;;;;;;;;;;
Gq_6DDF;HC;120;121;122;123;124;125;126;127;128;129;130;131;;;;;;;;;;;;;;;;;
Gq_6DDF;hchd;132;;;;;;;;;;;;;;;;;;;;;;;;;;;;
Gq_6DDF;HD;133;134;135;136;137;138;139;140;141;142;143;144;;;;;;;;;;;;;;;;;
Gq_6DDF;hdhe;145;146;147;148;149;;;;;;;;;;;;;;;;;;;;;;;;
Gq_6DDF;HE;150;151;152;153;154;155;156;157;158;159;160;161;162;;;;;;;;;;;;;;;;
Gq_6DDF;hehf;163;164;165;166;167;168;169;;;;;;;;;;;;;;;;;;;;;;
Gq_6DDF;HF;170;171;172;173;174;175;;;;;;;;;;;;;;;;;;;;;;;
Gq_6DDF;hfs2;176;177;178;179;180;181;182;;;;;;;;;;;;;;;;;;;;;;
Gq_6DDF;S2;183;184;185;186;187;188;189;190;;;;;;;;;;;;;;;;;;;;;
Gq_6DDF;s2s3;191;192;;;;;;;;;;;;;;;;;;;;;;;;;;;
Gq_6DDF;S3;193;194;195;196;197;198;199;200;;;;;;;;;;;;;;;;;;;;;
Gq_6DDF;s3h2;201;202;203;;;;;;;;;;;;;;;;;;;;;;;;;;
Gq_6DDF;H2;204;205;206;207;208;209;210;211;212;213;;;;;;;;;;;;;;;;;;;
Gq_6DDF;h2s4;214;215;216;217;218;;;;;;;;;;;;;;;;;;;;;;;;
Gq_6DDF;S4;219;220;221;222;223;224;225;;;;;;;;;;;;;;;;;;;;;;
Gq_6DDF;s4h3;226;227;228;229;230;231;232;233;234;235;236;237;238;239;240;;;;;;;;;;;;;;
Gq_6DDF;H3;241;242;243;244;245;246;247;248;249;250;251;252;253;254;255;256;257;258;;;;;;;;;;;
Gq_6DDF;h3s5;259;260;261;;;;;;;;;;;;;;;;;;;;;;;;;;
Gq_6DDF;S5;262;263;264;265;266;267;268;;;;;;;;;;;;;;;;;;;;;;
Gq_6DDF;s5hg;269;;;;;;;;;;;;;;;;;;;;;;;;;;;;
Gq_6DDF;HG;270;271;272;273;274;275;276;277;278;279;280;281;282;283;284;;;;;;;;;;;;;;
Gq_6DDF;hgh4;285;286;287;288;289;290;291;292;;;;;;;;;;;;;;;;;;;;;
Gq_6DDF;H4;293;294;295;296;297;298;299;300;301;302;303;304;305;306;307;308;309;;;;;;;;;;;;
Gq_6DDF;h4s6;310;311;312;313;314;315;316;317;;;;;;;;;;;;;;;;;;;;;
Gq_6DDF;S6;318;319;320;321;322;;;;;;;;;;;;;;;;;;;;;;;;
Gq_6DDF;s6h5;323;324;325;326;327;;;;;;;;;;;;;;;;;;;;;;;;
Gq_6DDF;H5;328;329;330;331;332;333;334;335;336;337;338;339;340;341;342;343;344;345;346;347;348;349;350;351;352;;;;
G11_6OIJ;HN;1;2;3;4;5;6;7;8;9;10;11;12;13;14;15;16;17;18;19;20;21;22;23;24;25;26;27;28;29
G11_6OIJ;hns1;30;31;32;;;;;;;;;;;;;;;;;;;;;;;;;;
G11_6OIJ;S1;33;34;35;36;37;38;39;;;;;;;;;;;;;;;;;;;;;;
G11_6OIJ;s1h1;40;41;42;43;44;45;;;;;;;;;;;;;;;;;;;;;;;
G11_6OIJ;H1;46;47;48;49;50;51;52;53;54;55;56;57;;;;;;;;;;;;;;;;;
G11_6OIJ;h1ha;58;59;60;61;62;;;;;;;;;;;;;;;;;;;;;;;;
G11_6OIJ;HA;63;64;65;66;67;68;69;70;71;72;73;74;75;76;77;78;79;80;81;82;83;84;85;86;87;88;89;90;91
G11_6OIJ;hahb;92;93;94;95;96;97;98;;;;;;;;;;;;;;;;;;;;;;
G11_6OIJ;HB;99;100;101;102;103;104;105;106;107;108;109;110;111;112;;;;;;;;;;;;;;;
G11_6OIJ;hbhc;113;114;115;116;117;118;119;;;;;;;;;;;;;;;;;;;;;;
G11_6OIJ;HC;120;121;122;123;124;125;126;127;128;129;130;131;;;;;;;;;;;;;;;;;
G11_6OIJ;hchd;132;;;;;;;;;;;;;;;;;;;;;;;;;;;;
G11_6OIJ;HD;133;134;135;136;137;138;139;140;141;142;143;144;;;;;;;;;;;;;;;;;
G11_6OIJ;hdhe;145;146;147;148;149;;;;;;;;;;;;;;;;;;;;;;;;
G11_6OIJ;HE;150;151;152;153;154;155;156;157;158;159;160;161;162;;;;;;;;;;;;;;;;
G11_6OIJ;hehf;163;164;165;166;167;168;169;;;;;;;;;;;;;;;;;;;;;;
G11_6OIJ;HF;170;171;172;173;174;175;;;;;;;;;;;;;;;;;;;;;;;
G11_6OIJ;hfs2;176;177;178;179;180;181;182;;;;;;;;;;;;;;;;;;;;;;
G11_6OIJ;S2;183;184;185;186;187;188;189;190;;;;;;;;;;;;;;;;;;;;;
G11_6OIJ;s2s3;191;192;;;;;;;;;;;;;;;;;;;;;;;;;;;
G11_6OIJ;S3;193;194;195;196;197;198;199;200;;;;;;;;;;;;;;;;;;;;;
G11_6OIJ;s3h2;201;202;203;;;;;;;;;;;;;;;;;;;;;;;;;;
G11_6OIJ;H2;204;205;206;207;208;209;210;211;212;213;;;;;;;;;;;;;;;;;;;
G11_6OIJ;h2s4;214;215;216;217;218;;;;;;;;;;;;;;;;;;;;;;;;
G11_6OIJ;S4;219;220;221;222;223;224;225;;;;;;;;;;;;;;;;;;;;;;
G11_6OIJ;s4h3;226;227;228;229;230;231;232;233;234;235;236;237;238;239;240;;;;;;;;;;;;;;
G11_6OIJ;H3;241;242;243;244;245;246;247;248;249;250;251;252;253;254;255;256;257;258;;;;;;;;;;;
G11_6OIJ;h3s5;259;260;261;;;;;;;;;;;;;;;;;;;;;;;;;;
G11_6OIJ;S5;262;263;264;265;266;267;268;;;;;;;;;;;;;;;;;;;;;;
G11_6OIJ;s5hg;269;;;;;;;;;;;;;;;;;;;;;;;;;;;;
G11_6OIJ;HG;270;271;272;273;274;275;276;277;278;279;280;281;282;283;284;;;;;;;;;;;;;;
G11_6OIJ;hgh4;285;286;287;288;289;290;291;292;;;;;;;;;;;;;;;;;;;;;
G11_6OIJ;H4;293;294;295;296;297;298;299;300;301;302;303;304;305;306;307;308;309;;;;;;;;;;;;
G11_6OIJ;h4s6;310;311;312;313;314;315;316;317;;;;;;;;;;;;;;;;;;;;;
G11_6OIJ;S6;318;319;320;321;322;;;;;;;;;;;;;;;;;;;;;;;;
G11_6OIJ;s6h5;323;324;325;326;327;;;;;;;;;;;;;;;;;;;;;;;;
G11_6OIJ;H5;328;329;330;331;332;333;334;335;336;337;338;339;340;341;342;343;344;345;346;347;348;349;350;351;352;;;;
G11_6DDF;HN;1;2;3;4;5;6;7;8;9;10;11;12;13;14;15;16;17;18;19;20;21;22;23;24;25;26;27;28;29
G11_6DDF;hns1;30;31;32;;;;;;;;;;;;;;;;;;;;;;;;;;
G11_6DDF;S1;33;34;35;36;37;38;39;;;;;;;;;;;;;;;;;;;;;;
G11_6DDF;s1h1;40;41;42;43;44;45;;;;;;;;;;;;;;;;;;;;;;;
G11_6DDF;H1;46;47;48;49;50;51;52;53;54;55;56;57;;;;;;;;;;;;;;;;;
G11_6DDF;h1ha;58;59;60;61;62;;;;;;;;;;;;;;;;;;;;;;;;
G11_6DDF;HA;63;64;65;66;67;68;69;70;71;72;73;74;75;76;77;78;79;80;81;82;83;84;85;86;87;88;89;90;91
G11_6DDF;hahb;92;93;94;95;96;97;98;;;;;;;;;;;;;;;;;;;;;;
G11_6DDF;HB;99;100;101;102;103;104;105;106;107;108;109;110;111;112;;;;;;;;;;;;;;;
G11_6DDF;hbhc;113;114;115;116;117;118;119;;;;;;;;;;;;;;;;;;;;;;
G11_6DDF;HC;120;121;122;123;124;125;126;127;128;129;130;131;;;;;;;;;;;;;;;;;
G11_6DDF;hchd;132;;;;;;;;;;;;;;;;;;;;;;;;;;;;
G11_6DDF;HD;133;134;135;136;137;138;139;140;141;142;143;144;;;;;;;;;;;;;;;;;
G11_6DDF;hdhe;145;146;147;148;149;;;;;;;;;;;;;;;;;;;;;;;;
G11_6DDF;HE;150;151;152;153;154;155;156;157;158;159;160;161;162;;;;;;;;;;;;;;;;
G11_6DDF;hehf;163;164;165;166;167;168;169;;;;;;;;;;;;;;;;;;;;;;
G11_6DDF;HF;170;171;172;173;174;175;;;;;;;;;;;;;;;;;;;;;;;
G11_6DDF;hfs2;176;177;178;179;180;181;182;;;;;;;;;;;;;;;;;;;;;;
G11_6DDF;S2;183;184;185;186;187;188;189;190;;;;;;;;;;;;;;;;;;;;;
G11_6DDF;s2s3;191;192;;;;;;;;;;;;;;;;;;;;;;;;;;;
G11_6DDF;S3;193;194;195;196;197;198;199;200;;;;;;;;;;;;;;;;;;;;;
G11_6DDF;s3h2;201;202;203;;;;;;;;;;;;;;;;;;;;;;;;;;
G11_6DDF;H2;204;205;206;207;208;209;210;211;212;213;;;;;;;;;;;;;;;;;;;
G11_6DDF;h2s4;214;215;216;217;218;;;;;;;;;;;;;;;;;;;;;;;;
G11_6DDF;S4;219;220;221;222;223;224;225;;;;;;;;;;;;;;;;;;;;;;
G11_6DDF;s4h3;226;227;228;229;230;231;232;233;234;235;236;237;238;239;240;;;;;;;;;;;;;;
G11_6DDF;H3;241;242;243;244;245;246;247;248;249;250;251;252;253;254;255;256;257;258;;;;;;;;;;;
G11_6DDF;h3s5;259;260;261;;;;;;;;;;;;;;;;;;;;;;;;;;
G11_6DDF;S5;262;263;264;265;266;267;268;;;;;;;;;;;;;;;;;;;;;;
G11_6DDF;s5hg;269;;;;;;;;;;;;;;;;;;;;;;;;;;;;
G11_6DDF;HG;270;271;272;273;274;275;276;277;278;279;280;281;282;283;284;;;;;;;;;;;;;;
G11_6DDF;hgh4;285;286;287;288;289;290;291;292;;;;;;;;;;;;;;;;;;;;;
G11_6DDF;H4;293;294;295;296;297;298;299;300;301;302;303;304;305;306;307;308;309;;;;;;;;;;;;
G11_6DDF;h4s6;310;311;312;313;314;315;316;317;;;;;;;;;;;;;;;;;;;;;
G11_6DDF;S6;318;319;320;321;322;;;;;;;;;;;;;;;;;;;;;;;;
G11_6DDF;s6h5;323;324;325;326;327;;;;;;;;;;;;;;;;;;;;;;;;
G11_6DDF;H5;328;329;330;331;332;333;334;335;336;337;338;339;340;341;342;343;344;345;346;347;348;349;350;351;352;;;;
G14_6DDF;HN;1;2;3;4;5;6;7;8;9;10;11;12;13;14;15;16;17;18;19;20;21;22;23;24;25;26;27;;
G14_6DDF;hns1;28;29;30;;;;;;;;;;;;;;;;;;;;;;;;;;
G14_6DDF;S1;31;32;33;34;35;36;37;;;;;;;;;;;;;;;;;;;;;;
G14_6DDF;s1h1;38;39;40;41;42;43;;;;;;;;;;;;;;;;;;;;;;;
G14_6DDF;H1;44;45;46;47;48;49;50;51;52;53;54;55;;;;;;;;;;;;;;;;;
G14_6DDF;h1ha;56;57;58;59;60;;;;;;;;;;;;;;;;;;;;;;;;
G14_6DDF;HA;61;62;63;64;65;66;67;68;69;70;71;72;73;74;75;76;77;78;79;80;81;82;83;84;85;86;87;88;89
G14_6DDF;hahb;91;92;93;94;95;96;;;;;;;;;;;;;;;;;;;;;;;
G14_6DDF;HB;97;98;99;100;101;102;103;104;105;106;107;108;109;110;;;;;;;;;;;;;;;
G14_6DDF;hbhc;;11;112113;114;115;116;117;;;;;;;;;;;;;;;;;;;;;;
G14_6DDF;HC;118;119;120;121;122;123;124;125;126;127;128;129;;;;;;;;;;;;;;;;;
G14_6DDF;hchd;130;;;;;;;;;;;;;;;;;;;;;;;;;;;;
G14_6DDF;HD;131;132;133;134;135;136;137;138;139;140;141;142;;;;;;;;;;;;;;;;;
G14_6DDF;hdhe;143;144;145;146;147;;;;;;;;;;;;;;;;;;;;;;;;
G14_6DDF;HE;148;149;150;151;152;153;154;155;156;157;158;159;160;;;;;;;;;;;;;;;;
G14_6DDF;hehf;161;162;163;164;165;166;167;;;;;;;;;;;;;;;;;;;;;;
G14_6DDF;HF;168;169;170;171;172;173;;;;;;;;;;;;;;;;;;;;;;;
G14_6DDF;hfs2;174;175;176;177;178;179;180;;;;;;;;;;;;;;;;;;;;;;
G14_6DDF;S2;181;182;183;184;185;186;187;188;;;;;;;;;;;;;;;;;;;;;
G14_6DDF;s2s3;189;190;;;;;;;;;;;;;;;;;;;;;;;;;;;
G14_6DDF;S3;191;192;193;194;195;196;197;198;;;;;;;;;;;;;;;;;;;;;
G14_6DDF;s3h2;199;200;201;;;;;;;;;;;;;;;;;;;;;;;;;;
G14_6DDF;H2;202;203;204;205;206;207;208;209;210;211;;;;;;;;;;;;;;;;;;;
G14_6DDF;h2s4;212;213;214;215;216;;;;;;;;;;;;;;;;;;;;;;;;
G14_6DDF;S4;217;218;219;220;221;222;223;;;;;;;;;;;;;;;;;;;;;;
G14_6DDF;s4h3;224;225;226;227;228;229;230;231;232;233;234;235;236;237;238;;;;;;;;;;;;;;
G14_6DDF;H3;239;240;241;242;243;244;245;246;247;248;249;250;251;252;253;254;255;256;;;;;;;;;;;
G14_6DDF;h3s5;257;258;259;;;;;;;;;;;;;;;;;;;;;;;;;;
G14_6DDF;S5;260;261;262;263;264;265;266;;;;;;;;;;;;;;;;;;;;;;
G14_6DDF;s5hg;267;;;;;;;;;;;;;;;;;;;;;;;;;;;;
G14_6DDF;HG;268;269;270;271;272;273;274;275;276;277;278;279;280;281;282;;;;;;;;;;;;;;
G14_6DDF;hgh4;283;284;285;286;287;288;289;290;;;;;;;;;;;;;;;;;;;;;
G14_6DDF;H4;291;292;293;294;295;296;297;298;299;300;301;302;303;304;305;306;307;;;;;;;;;;;;
G14_6DDF;h4s6;308;309;310;311;312;313;314;315;;;;;;;;;;;;;;;;;;;;;
G14_6DDF;S6;316;317;318;319;320;;;;;;;;;;;;;;;;;;;;;;;;
G14_6DDF;s6h5;321;322;323;324;325;;;;;;;;;;;;;;;;;;;;;;;;
G14_6DDF;H5;326;327;328;329;330;331;332;333;334;335;336;337;338;339;340;341;342;343;344;345;346;347;348;349;350;;;;
G14_6OIJ;HN;1;2;3;4;5;6;7;8;9;10;11;12;13;14;15;16;17;18;19;20;21;22;23;24;25;26;27;;
G14_6OIJ;hns1;28;29;30;;;;;;;;;;;;;;;;;;;;;;;;;;
G14_6OIJ;S1;31;32;33;34;35;36;37;;;;;;;;;;;;;;;;;;;;;;
G14_6OIJ;s1h1;38;39;40;41;42;43;;;;;;;;;;;;;;;;;;;;;;;
G14_6OIJ;H1;44;45;46;47;48;49;50;51;52;53;54;55;;;;;;;;;;;;;;;;;
G14_6OIJ;h1ha;56;57;58;59;60;;;;;;;;;;;;;;;;;;;;;;;;
G14_6OIJ;HA;61;62;63;64;65;66;67;68;69;70;71;72;73;74;75;76;77;78;79;80;81;82;83;84;85;86;87;88;89
G14_6OIJ;hahb;91;92;93;94;95;96;;;;;;;;;;;;;;;;;;;;;;;
G14_6OIJ;HB;97;98;99;100;101;102;103;104;105;106;107;108;109;110;;;;;;;;;;;;;;;
G14_6OIJ;hbhc;;11;112113;114;115;116;117;;;;;;;;;;;;;;;;;;;;;;
G14_6OIJ;HC;118;119;120;121;122;123;124;125;126;127;128;129;;;;;;;;;;;;;;;;;
G14_6OIJ;hchd;130;;;;;;;;;;;;;;;;;;;;;;;;;;;;
G14_6OIJ;HD;131;132;133;134;135;136;137;138;139;140;141;142;;;;;;;;;;;;;;;;;
G14_6OIJ;hdhe;143;144;145;146;147;;;;;;;;;;;;;;;;;;;;;;;;
G14_6OIJ;HE;148;149;150;151;152;153;154;155;156;157;158;159;160;;;;;;;;;;;;;;;;
G14_6OIJ;hehf;161;162;163;164;165;166;167;;;;;;;;;;;;;;;;;;;;;;
G14_6OIJ;HF;168;169;170;171;172;173;;;;;;;;;;;;;;;;;;;;;;;
G14_6OIJ;hfs2;174;175;176;177;178;179;180;;;;;;;;;;;;;;;;;;;;;;
G14_6OIJ;S2;181;182;183;184;185;186;187;188;;;;;;;;;;;;;;;;;;;;;
G14_6OIJ;s2s3;189;190;;;;;;;;;;;;;;;;;;;;;;;;;;;
G14_6OIJ;S3;191;192;193;194;195;196;197;198;;;;;;;;;;;;;;;;;;;;;
G14_6OIJ;s3h2;199;200;201;;;;;;;;;;;;;;;;;;;;;;;;;;
G14_6OIJ;H2;202;203;204;205;206;207;208;209;210;211;;;;;;;;;;;;;;;;;;;
G14_6OIJ;h2s4;212;213;214;215;216;;;;;;;;;;;;;;;;;;;;;;;;
G14_6OIJ;S4;217;218;219;220;221;222;223;;;;;;;;;;;;;;;;;;;;;;
G14_6OIJ;s4h3;224;225;226;227;228;229;230;231;232;233;234;235;236;237;238;;;;;;;;;;;;;;
G14_6OIJ;H3;239;240;241;242;243;244;245;246;247;248;249;250;251;252;253;254;255;256;;;;;;;;;;;
G14_6OIJ;h3s5;257;258;259;;;;;;;;;;;;;;;;;;;;;;;;;;
G14_6OIJ;S5;260;261;262;263;264;265;266;;;;;;;;;;;;;;;;;;;;;;
G14_6OIJ;s5hg;267;;;;;;;;;;;;;;;;;;;;;;;;;;;;
G14_6OIJ;HG;268;269;270;271;272;273;274;275;276;277;278;279;280;281;282;;;;;;;;;;;;;;
G14_6OIJ;hgh4;283;284;285;286;287;288;289;290;;;;;;;;;;;;;;;;;;;;;
G14_6OIJ;H4;291;292;293;294;295;296;297;298;299;300;301;302;303;304;305;306;307;;;;;;;;;;;;
G14_6OIJ;h4s6;308;309;310;311;312;313;314;315;;;;;;;;;;;;;;;;;;;;;
G14_6OIJ;S6;316;317;318;319;320;;;;;;;;;;;;;;;;;;;;;;;;
G14_6OIJ;s6h5;321;322;323;324;325;;;;;;;;;;;;;;;;;;;;;;;;
G14_6OIJ;H5;326;327;328;329;330;331;332;333;334;335;336;337;338;339;340;341;342;343;344;345;346;347;348;349;350;;;;
G15_6DDF;HN;1;2;3;4;5;6;7;8;9;10;11;12;13;14;15;16;17;18;19;20;21;22;23;24;25;26;27;28;29
G15_6DDF;hns1;30;31;32;;;;;;;;;;;;;;;;;;;;;;;;;;
G15_6DDF;S1;33;34;35;36;37;38;39;;;;;;;;;;;;;;;;;;;;;;
G15_6DDF;s1h1;40;41;42;43;44;45;;;;;;;;;;;;;;;;;;;;;;;
G15_6DDF;H1;46;47;48;49;50;51;52;53;54;55;56;57;;;;;;;;;;;;;;;;;
G15_6DDF;h1ha;58;59;60;61;62;;;;;;;;;;;;;;;;;;;;;;;;
G15_6DDF;HA;63;64;65;66;67;68;69;70;71;72;73;74;75;76;77;78;79;80;81;82;83;84;85;86;87;88;89;90;91
G15_6DDF;hahb;92;93;94;95;96;97;98;;;;;;;;;;;;;;;;;;;;;;
G15_6DDF;HB;99;100;101;102;103;104;105;106;107;108;109;110;111;112;;;;;;;;;;;;;;;
G15_6DDF;hbhc;113;114;115;116;117;118;119;;;;;;;;;;;;;;;;;;;;;;
G15_6DDF;HC;120;121;122;123;124;125;126;127;128;129;130;131;;;;;;;;;;;;;;;;;
G15_6DDF;hchd;132;;;;;;;;;;;;;;;;;;;;;;;;;;;;
G15_6DDF;HD;133;134;135;136;137;138;139;140;141;142;143;144;;;;;;;;;;;;;;;;;
G15_6DDF;hdhe;145;146;147;148;149;;;;;;;;;;;;;;;;;;;;;;;;
G15_6DDF;HE;150;151;152;153;154;155;156;157;158;159;160;161;162;;;;;;;;;;;;;;;;
G15_6DDF;hehf;163;164;165;166;167;168;169;;;;;;;;;;;;;;;;;;;;;;
G15_6DDF;HF;170;171;172;173;174;175;;;;;;;;;;;;;;;;;;;;;;;
G15_6DDF;hfs2;176;177;178;179;180;181;182;;;;;;;;;;;;;;;;;;;;;;
G15_6DDF;S2;183;184;185;186;187;188;189;190;;;;;;;;;;;;;;;;;;;;;
G15_6DDF;s2s3;191;192;;;;;;;;;;;;;;;;;;;;;;;;;;;
G15_6DDF;S3;193;194;195;196;197;198;199;200;;;;;;;;;;;;;;;;;;;;;
G15_6DDF;s3h2;201;202;203;;;;;;;;;;;;;;;;;;;;;;;;;;
G15_6DDF;H2;204;205;206;207;208;209;210;211;212;213;;;;;;;;;;;;;;;;;;;
G15_6DDF;h2s4;214;215;216;217;218;;;;;;;;;;;;;;;;;;;;;;;;
G15_6DDF;S4;219;220;221;222;223;224;225;;;;;;;;;;;;;;;;;;;;;;
G15_6DDF;s4h3;226;227;228;229;230;231;232;233;234;235;236;237;238;239;240;;;;;;;;;;;;;;
G15_6DDF;H3;241;242;243;244;245;246;247;248;249;250;251;252;253;254;255;256;257;258;;;;;;;;;;;
G15_6DDF;h3s5;259;260;261;;;;;;;;;;;;;;;;;;;;;;;;;;
G15_6DDF;S5;262;263;264;265;266;267;268;;;;;;;;;;;;;;;;;;;;;;
G15_6DDF;s5hg;269;;;;;;;;;;;;;;;;;;;;;;;;;;;;
G15_6DDF;HG;270;271;272;273;274;275;276;277;278;279;280;281;282;283;284;;;;;;;;;;;;;;
G15_6DDF;hgh4;285;286;287;288;289;290;291;292;;;;;;;;;;;;;;;;;;;;;
G15_6DDF;H4;293;294;295;296;297;298;299;300;301;302;303;304;305;306;307;308;309;;;;;;;;;;;;
G15_6DDF;h4s6;310;311;312;313;314;315;316;317;318;319;320;321;322;323;324;325;326;327;328;329;;;;;;;;;
G15_6DDF;S6;330;331;332;333;334;;;;;;;;;;;;;;;;;;;;;;;;
G15_6DDF;s6h5;335;336;337;338;339;;;;;;;;;;;;;;;;;;;;;;;;
G15_6DDF;H5;340;341;342;343;344;345;346;347;348;349;350;351;352;353;354;355;356;357;358;359;360;361;362;363;364;365;;;
G15_6OIJ;HN;1;2;3;4;5;6;7;8;9;10;11;12;13;14;15;16;17;18;19;20;21;22;23;24;25;26;27;28;29
G15_6OIJ;hns1;30;31;32;;;;;;;;;;;;;;;;;;;;;;;;;;
G15_6OIJ;S1;33;34;35;36;37;38;39;;;;;;;;;;;;;;;;;;;;;;
G15_6OIJ;s1h1;40;41;42;43;44;45;;;;;;;;;;;;;;;;;;;;;;;
G15_6OIJ;H1;46;47;48;49;50;51;52;53;54;55;56;57;;;;;;;;;;;;;;;;;
G15_6OIJ;h1ha;58;59;60;61;62;;;;;;;;;;;;;;;;;;;;;;;;
G15_6OIJ;HA;63;64;65;66;67;68;69;70;71;72;73;74;75;76;77;78;79;80;81;82;83;84;85;86;87;88;89;90;91
G15_6OIJ;hahb;92;93;94;95;96;97;98;;;;;;;;;;;;;;;;;;;;;;
G15_6OIJ;HB;99;100;101;102;103;104;105;106;107;108;109;110;111;112;;;;;;;;;;;;;;;
G15_6OIJ;hbhc;113;114;115;116;117;118;119;;;;;;;;;;;;;;;;;;;;;;
G15_6OIJ;HC;120;121;122;123;124;125;126;127;128;129;130;131;;;;;;;;;;;;;;;;;
G15_6OIJ;hchd;132;;;;;;;;;;;;;;;;;;;;;;;;;;;;
G15_6OIJ;HD;133;134;135;136;137;138;139;140;141;142;143;144;;;;;;;;;;;;;;;;;
G15_6OIJ;hdhe;145;146;147;148;149;;;;;;;;;;;;;;;;;;;;;;;;
G15_6OIJ;HE;150;151;152;153;154;155;156;157;158;159;160;161;162;;;;;;;;;;;;;;;;
G15_6OIJ;hehf;163;164;165;166;167;168;169;;;;;;;;;;;;;;;;;;;;;;
G15_6OIJ;HF;170;171;172;173;174;175;;;;;;;;;;;;;;;;;;;;;;;
G15_6OIJ;hfs2;176;177;178;179;180;181;182;;;;;;;;;;;;;;;;;;;;;;
G15_6OIJ;S2;183;184;185;186;187;188;189;190;;;;;;;;;;;;;;;;;;;;;
G15_6OIJ;s2s3;191;192;;;;;;;;;;;;;;;;;;;;;;;;;;;
G15_6OIJ;S3;193;194;195;196;197;198;199;200;;;;;;;;;;;;;;;;;;;;;
G15_6OIJ;s3h2;201;202;203;;;;;;;;;;;;;;;;;;;;;;;;;;
G15_6OIJ;H2;204;205;206;207;208;209;210;211;212;213;;;;;;;;;;;;;;;;;;;
G15_6OIJ;h2s4;214;215;216;217;218;;;;;;;;;;;;;;;;;;;;;;;;
G15_6OIJ;S4;219;220;221;222;223;224;225;;;;;;;;;;;;;;;;;;;;;;
G15_6OIJ;s4h3;226;227;228;229;230;231;232;233;234;235;236;237;238;239;240;;;;;;;;;;;;;;
G15_6OIJ;H3;241;242;243;244;245;246;247;248;249;250;251;252;253;254;255;256;257;258;;;;;;;;;;;
G15_6OIJ;h3s5;259;260;261;;;;;;;;;;;;;;;;;;;;;;;;;;
G15_6OIJ;S5;262;263;264;265;266;267;268;;;;;;;;;;;;;;;;;;;;;;
G15_6OIJ;s5hg;269;;;;;;;;;;;;;;;;;;;;;;;;;;;;
G15_6OIJ;HG;270;271;272;273;274;275;276;277;278;279;280;281;282;283;284;;;;;;;;;;;;;;
G15_6OIJ;hgh4;285;286;287;288;289;290;291;292;;;;;;;;;;;;;;;;;;;;;
G15_6OIJ;H4;293;294;295;296;297;298;299;300;301;302;303;304;305;306;307;308;309;;;;;;;;;;;;
G15_6OIJ;h4s6;310;311;312;313;314;315;316;317;318;319;320;321;322;323;324;325;326;327;328;329;;;;;;;;;
G15_6OIJ;S6;330;331;332;333;334;;;;;;;;;;;;;;;;;;;;;;;;
G15_6OIJ;s6h5;335;336;337;338;339;;;;;;;;;;;;;;;;;;;;;;;;
G15_6OIJ;H5;340;341;342;343;344;345;346;347;348;349;350;351;352;353;354;355;356;357;358;359;360;361;362;363;364;365;;;
G12_6DDF;HN;1;2;3;4;5;6;7;8;9;10;11;12;13;14;15;16;17;18;19;20;21;22;23;24;25;26;27;28;
G12_6DDF;hns1;29;30;31;;;;;;;;;;;;;;;;;;;;;;;;;;
G12_6DDF;S1;32;33;34;35;36;37;38;;;;;;;;;;;;;;;;;;;;;;
G12_6DDF;s1h1;39;40;41;42;43;44;;;;;;;;;;;;;;;;;;;;;;;
G12_6DDF;H1;45;46;47;48;49;50;51;52;53;54;55;56;;;;;;;;;;;;;;;;;
G12_6DDF;h1ha;57;58;59;60;61;;;;;;;;;;;;;;;;;;;;;;;;
G12_6DDF;HA;62;63;64;65;66;67;68;69;70;71;72;73;74;75;76;77;78;79;80;81;82;83;84;85;86;87;88;89;90
G12_6DDF;hahb;91;92;93;94;95;96;97;;;;;;;;;;;;;;;;;;;;;;
G12_6DDF;HB;98;99;100;101;102;103;104;105;106;107;108;109;110;111;;;;;;;;;;;;;;;
G12_6DDF;hbhc;112;113;114;115;116;117;118;119;120;121;122;;;;;;;;;;;;;;;;;;
G12_6DDF;HC;123;124;125;126;127;128;129;130;131;132;133;134;;;;;;;;;;;;;;;;;
G12_6DDF;hchd;135;;;;;;;;;;;;;;;;;;;;;;;;;;;;
G12_6DDF;HD;136;137;138;139;140;141;142;143;144;145;146;147;;;;;;;;;;;;;;;;;
G12_6DDF;hdhe;148;149;150;151;152;;;;;;;;;;;;;;;;;;;;;;;;
G12_6DDF;HE;153;154;155;156;157;158;159;160;161;162;163;164;165;;;;;;;;;;;;;;;;
G12_6DDF;hehf;166;167;168;169;170;171;172;;;;;;;;;;;;;;;;;;;;;;
G12_6DDF;HF;173;174;175;176;177;178;;;;;;;;;;;;;;;;;;;;;;;
G12_6DDF;hfs2;179;180;181;182;183;184;185;;;;;;;;;;;;;;;;;;;;;;
G12_6DDF;S2;186;187;188;189;190;191;192;193;;;;;;;;;;;;;;;;;;;;;
G12_6DDF;s2s3;194;195;;;;;;;;;;;;;;;;;;;;;;;;;;;
G12_6DDF;S3;196;197;198;199;200;201;202;203;;;;;;;;;;;;;;;;;;;;;
G12_6DDF;s3h2;204;205;206;;;;;;;;;;;;;;;;;;;;;;;;;;
G12_6DDF;H2;207;208;209;210;211;212;213;214;215;216;;;;;;;;;;;;;;;;;;;
G12_6DDF;h2s4;217;218;219;220;221;;;;;;;;;;;;;;;;;;;;;;;;
G12_6DDF;S4;222;223;224;225;226;227;228;;;;;;;;;;;;;;;;;;;;;;
G12_6DDF;s4h3;229;230;231;232;233;234;235;236;237;238;239;240;241;242;243;;;;;;;;;;;;;;
G12_6DDF;H3;244;245;246;247;248;249;250;251;252;253;254;255;256;257;258;259;260;261;;;;;;;;;;;
G12_6DDF;h3s5;262;263;264;;;;;;;;;;;;;;;;;;;;;;;;;;
G12_6DDF;S5;265;266;267;268;269;270;271;;;;;;;;;;;;;;;;;;;;;;
G12_6DDF;s5hg;272;;;;;;;;;;;;;;;;;;;;;;;;;;;;
G12_6DDF;HG;273;274;275;276;277;278;279;280;281;282;283;284;285;286;287;;;;;;;;;;;;;;
G12_6DDF;hgh4;288;289;290;291;292;293;294;295;;;;;;;;;;;;;;;;;;;;;
G12_6DDF;H4;296;297;298;299;300;301;302;303;304;305;306;307;308;309;310;311;312;;;;;;;;;;;;
G12_6DDF;h4s6;313;314;315;316;317;318;319;320;;;;;;;;;;;;;;;;;;;;;
G12_6DDF;S6;321;322;323;324;325;;;;;;;;;;;;;;;;;;;;;;;;
G12_6DDF;s6h5;326;327;328;329;330;;;;;;;;;;;;;;;;;;;;;;;;
G12_6DDF;H5;331;332;333;334;335;336;337;338;339;340;341;342;343;344;345;346;347;348;349;350;351;352;353;354;355;356;;;
G12_6OIJ;HN;1;2;3;4;5;6;7;8;9;10;11;12;13;14;15;16;17;18;19;20;21;22;23;24;25;26;27;28;
G12_6OIJ;hns1;29;30;31;;;;;;;;;;;;;;;;;;;;;;;;;;
G12_6OIJ;S1;32;33;34;35;36;37;38;;;;;;;;;;;;;;;;;;;;;;
G12_6OIJ;s1h1;39;40;41;42;43;44;;;;;;;;;;;;;;;;;;;;;;;
G12_6OIJ;H1;45;46;47;48;49;50;51;52;53;54;55;56;;;;;;;;;;;;;;;;;
G12_6OIJ;h1ha;57;58;59;60;61;;;;;;;;;;;;;;;;;;;;;;;;
G12_6OIJ;HA;62;63;64;65;66;67;68;69;70;71;72;73;74;75;76;77;78;79;80;81;82;83;84;85;86;87;88;89;90
G12_6OIJ;hahb;91;92;93;94;95;96;97;;;;;;;;;;;;;;;;;;;;;;
G12_6OIJ;HB;98;99;100;101;102;103;104;105;106;107;108;109;110;111;;;;;;;;;;;;;;;
G12_6OIJ;hbhc;112;113;114;115;116;117;118;119;120;121;122;;;;;;;;;;;;;;;;;;
G12_6OIJ;HC;123;124;125;126;127;128;129;130;131;132;133;134;;;;;;;;;;;;;;;;;
G12_6OIJ;hchd;135;;;;;;;;;;;;;;;;;;;;;;;;;;;;
G12_6OIJ;HD;136;137;138;139;140;141;142;143;144;145;146;147;;;;;;;;;;;;;;;;;
G12_6OIJ;hdhe;148;149;150;151;152;;;;;;;;;;;;;;;;;;;;;;;;
G12_6OIJ;HE;153;154;155;156;157;158;159;160;161;162;163;164;165;;;;;;;;;;;;;;;;
G12_6OIJ;hehf;166;167;168;169;170;171;172;;;;;;;;;;;;;;;;;;;;;;
G12_6OIJ;HF;173;174;175;176;177;178;;;;;;;;;;;;;;;;;;;;;;;
G12_6OIJ;hfs2;179;180;181;182;183;184;185;;;;;;;;;;;;;;;;;;;;;;
G12_6OIJ;S2;186;187;188;189;190;191;192;193;;;;;;;;;;;;;;;;;;;;;
G12_6OIJ;s2s3;194;195;;;;;;;;;;;;;;;;;;;;;;;;;;;
G12_6OIJ;S3;196;197;198;199;200;201;202;203;;;;;;;;;;;;;;;;;;;;;
G12_6OIJ;s3h2;204;205;206;;;;;;;;;;;;;;;;;;;;;;;;;;
G12_6OIJ;H2;207;208;209;210;211;212;213;214;215;216;;;;;;;;;;;;;;;;;;;
G12_6OIJ;h2s4;217;218;219;220;221;;;;;;;;;;;;;;;;;;;;;;;;
G12_6OIJ;S4;222;223;224;225;226;227;228;;;;;;;;;;;;;;;;;;;;;;
G12_6OIJ;s4h3;229;230;231;232;233;234;235;236;237;238;239;240;241;242;243;;;;;;;;;;;;;;
G12_6OIJ;H3;244;245;246;247;248;249;250;251;252;253;254;255;256;257;258;259;260;261;;;;;;;;;;;
G12_6OIJ;h3s5;262;263;264;;;;;;;;;;;;;;;;;;;;;;;;;;
G12_6OIJ;S5;265;266;267;268;269;270;271;;;;;;;;;;;;;;;;;;;;;;
G12_6OIJ;s5hg;272;;;;;;;;;;;;;;;;;;;;;;;;;;;;
G12_6OIJ;HG;273;274;275;276;277;278;279;280;281;282;283;284;285;286;287;;;;;;;;;;;;;;
G12_6OIJ;hgh4;288;289;290;291;292;293;294;295;;;;;;;;;;;;;;;;;;;;;
G12_6OIJ;H4;296;297;298;299;300;301;302;303;304;305;306;307;308;309;310;311;312;;;;;;;;;;;;
G12_6OIJ;h4s6;313;314;315;316;317;318;319;320;;;;;;;;;;;;;;;;;;;;;
G12_6OIJ;S6;321;322;323;324;325;;;;;;;;;;;;;;;;;;;;;;;;
G12_6OIJ;s6h5;326;327;328;329;330;;;;;;;;;;;;;;;;;;;;;;;;
G12_6OIJ;H5;331;332;333;334;335;336;337;338;339;340;341;342;343;344;345;346;347;348;349;350;351;352;353;354;355;356;;;