new_numbering;old_numbering;partner
HN.52;28E;Gi1
HN.52;28E;Gi2
HN.52;28E;Gi3
HN.52;28I;Go
HN.52;28I;Gob
HN.52;28Q;Gz
HN.52;35Q;Gslo
HN.52;35Q;Gssh
HN.52;34R;Gq
HN.52;34R;G11
HN.52;30K;G14
HN.52;37K;G15
HN.52;52R;G12
HN.53;29K;Gi1
HN.53;29K;Gi2
HN.53;29K;Gi3
HN.53;29S;Go
HN.53;29S;Gob
HN.53;29R;Gz
HN.53;36V;Gslo
HN.53;36V;Gssh
HN.53;35D;Gq
HN.53;35D;G11
HN.53;31D;G14
HN.53;38Q;G15
HN.53;53A;G12
hns1.02;31A;Gi1
hns1.02;31A;Gi2
hns1.02;31A;Gi3
hns1.02;31A;Go
hns1.02;31A;Gob
hns1.02;31R;Gz
hns1.02;38R;Gslo
hns1.02;38R;Gssh
hns1.02;37R;Gq
hns1.02;37R;G11
hns1.02;33R;G14
hns1.02;40R;G15
hns1.02;55R;G12
hns1.03;32R;Gi1
hns1.03;32R;Gi2
hns1.03;32K;Gi3
hns1.03;32K;Go
hns1.03;32K;Gob
hns1.03;32R;Gz
hns1.03;39A;Gslo
hns1.03;39A;Gssh
hns1.03;38R;Gq
hns1.03;38R;G11
hns1.03;34R;G14
hns1.03;41G;G15
hns1.03;56R;G12
S1.01;33E;Gi1
S1.01;33E;Gi2
S1.01;33E;Gi3
S1.01;33D;Go
S1.01;33D;Gob
S1.01;33E;Gz
S1.01;40T;Gslo
S1.01;40T;Gssh
S1.01;39E;Gq
S1.01;39E;G11
S1.01;35E;G14
S1.01;42E;G15
S1.01;57L;G12
S1.02;34V;Gi1
S1.02;34V;Gi2
S1.02;34V;Gi3
S1.02;34V;Go
S1.02;34V;Gob
S1.02;34I;Gz
S1.02;41H;Gslo
S1.02;41H;Gssh
S1.02;40L;Gq
S1.02;40L;G11
S1.02;36L;G14
S1.02;43L;G15
S1.02;58V;G12
s2s3.02;193D;Gi1
s2s3.02;194D;Gi2
s2s3.02;193D;Gi3
s2s3.02;194N;Go
s2s3.02;194N;Gob
s2s3.02;194E;Gz
s2s3.02;216K;Gslo
s2s3.02;202K;Gssh
s2s3.02;198S;Gq
s2s3.02;198N;G11
s2s3.02;194N;G14
s2s3.02;201K;G15
s2s3.02;220K;G12
S3.01;194L;Gi1
S3.01;195L;Gi2
S3.01;194L;Gi3
S3.01;195L;Go
S3.01;195L;Gob
S3.01;195L;Gz
S3.01;217V;Gslo
S3.01;203V;Gssh
S3.01;199V;Gq
S3.01;199I;G11
S3.01;195I;G14
S3.01;202T;G15
S3.01;221I;G12
h4s6.02;311N;Gi1
h4s6.02;312N;Gi2
h4s6.02;311N;Gi3
h4s6.02;312N;Go
h4s6.02;312N;Gob
h4s6.02;312N;Gz
h4s6.02;349S;Gslo
h4s6.02;335S;Gssh
h4s6.02;320Y;G15
h4s6.03;312K;Gi1
h4s6.03;313K;Gi2
h4s6.03;312R;Gi3
h4s6.03;313R;Go
h4s6.03;313K;Gob
h4s6.03;313R;Gz
h4s6.03;350T;Gslo
h4s6.03;336T;Gssh
h4s6.03;321T;G15
h4s6.04;313R;Gi1
h4s6.04;314R;Gi2
h4s6.04;313R;Gi3
h4s6.04;314N;Gz
h4s6.04;351A;Gslo
h4s6.04;337A;Gssh
h4s6.04;322G;G15
h4s6.08;314K;Gi1
h4s6.08;315K;Gi2
h4s6.08;314K;Gi3
h4s6.08;314S;Go
h4s6.08;314S;Gob
h4s6.08;315K;Gz
h4s6.08;352S;Gslo
h4s6.08;338S;Gssh
h4s6.08;317N;Gq
h4s6.08;317N;G11
h4s6.08;313N;G14
h4s6.08;326G;G15
h4s6.08;339R;G12
h4s6.09;315D;Gi1
h4s6.09;316D;Gi2
h4s6.09;315D;Gi3
h4s6.09;315P;Go
h4s6.09;315A;Gob
h4s6.09;316E;Gz
h4s6.09;353G;Gslo
h4s6.09;339G;Gssh
h4s6.09;318P;Gq
h4s6.09;318P;G11
h4s6.09;314P;G14
h4s6.09;327P;G15
h4s6.09;340R;G12
h4s6.10;316T;Gi1
h4s6.10;317T;Gi2
h4s6.10;316T;Gi3
h4s6.10;316N;Go
h4s6.10;316H;Gob
h4s6.10;317T;Gz
h4s6.10;354D;Gslo
h4s6.10;340D;Gssh
h4s6.10;319D;Gq
h4s6.10;319D;G11
h4s6.10;315D;G14
h4s6.10;328E;G15
h4s6.10;341N;G12
h4s6.11;317K;Gi1
h4s6.11;318K;Gi2
h4s6.11;317K;Gi3
h4s6.11;317K;Go
h4s6.11;317K;Gob
h4s6.11;318K;Gz
h4s6.11;355G;Gslo
h4s6.11;341G;Gssh
h4s6.11;320S;Gq
h4s6.11;320S;G11
h4s6.11;316K;G14
h4s6.11;329G;G15
h4s6.11;342R;G12
h4s6.12;318E;Gi1
h4s6.12;319E;Gi2
h4s6.12;318E;Gi3
h4s6.12;318E;Go
h4s6.12;318E;Gob
h4s6.12;319E;Gz
h4s6.12;356R;Gslo
h4s6.12;342R;Gssh
h4s6.12;321D;Gq
h4s6.12;321D;G11
h4s6.12;317E;G14
h4s6.12;330S;G15
h4s6.12;343S;G12
h4s6.13;357H;Gslo
h4s6.13;343H;Gssh
h4s6.13;322K;Gq
h4s6.13;322K;G11
h4s6.13;318K;G14
h4s6.13;331K;G15
h4s6.17;335R;G15
h4s6.18;336S;G15
h4s6.19;337R;G15
h4s6.19;344K;G12
h4s6.20;358Y;Gslo
h4s6.20;344Y;Gssh
h4s6.20;323I;Gq
h4s6.20;323I;G11
h4s6.20;319V;G14
h4s6.20;338R;G15
h4s6.20;345P;G12
S6.01;319I;Gi1
S6.01;320I;Gi2
S6.01;319I;Gi3
S6.01;319I;Go
S6.01;319I;Gob
S6.01;320I;Gz
S6.01;359C;Gslo
S6.01;345C;Gssh
S6.01;324I;Gq
S6.01;324I;G11
S6.01;320I;G14
S6.01;339L;G15
S6.01;346L;G12
H5.11;339V;Gi1
H5.11;340V;Gi2
H5.11;339V;Gi3
H5.11;339V;Go
H5.11;339V;Gob
H5.11;340V;Gz
H5.11;379C;Gslo
H5.11;365C;Gssh
H5.11;344V;Gq
H5.11;344V;G11
H5.11;340V;G14
H5.11;359V;G15
H5.11;366V;G12
H5.12;340T;Gi1
H5.12;341T;Gi2
H5.12;340T;Gi3
H5.12;340T;Go
H5.12;340T;Gob
H5.12;341T;Gz
H5.12;380R;Gslo
H5.12;366R;Gssh
H5.12;345K;Gq
H5.12;345K;G11
H5.12;341K;G14
H5.12;360R;G15
H5.12;367K;G12
H5.13;341D;Gi1
H5.13;342D;Gi2
H5.13;341D;Gi3
H5.13;341D;Go
H5.13;341D;Gob
H5.13;342D;Gz
H5.13;381D;Gslo
H5.13;367D;Gssh
H5.13;346D;Gq
H5.13;346D;G11
H5.13;342D;G14
H5.13;361D;G15
H5.13;368D;G12
H5.14;342V;Gi1
H5.14;343V;Gi2
H5.14;342V;Gi3
H5.14;342I;Go
H5.14;342V;Gob
H5.14;343V;Gz
H5.14;382I;Gslo
H5.14;368I;Gssh
H5.14;347T;Gq
H5.14;347T;G11
H5.14;343T;G14
H5.14;362S;G15
H5.14;369T;G12
H5.15;343I;Gi1
H5.15;344I;Gi2
H5.15;343I;Gi3
H5.15;343I;Go
H5.15;343I;Gob
H5.15;344I;Gz
H5.15;383I;Gslo
H5.15;369I;Gssh
H5.15;348I;Gq
H5.15;348I;G11
H5.15;344I;G14
H5.15;363V;G15
H5.15;370I;G12
H5.16;344I;Gi1
H5.16;345I;Gi2
H5.16;344I;Gi3
H5.16;344I;Go
H5.16;344I;Gob
H5.16;345I;Gz
H5.16;384Q;Gslo
H5.16;370Q;Gssh
H5.16;349L;Gq
H5.16;349L;G11
H5.16;345L;G14
H5.16;364L;G15
H5.16;371L;G12
H5.17;345K;Gi1
H5.17;346K;Gi2
H5.17;345K;Gi3
H5.17;345A;Go
H5.17;345A;Gob
H5.17;346Q;Gz
H5.17;385R;Gslo
H5.17;371R;Gssh
H5.17;350Q;Gq
H5.17;350Q;G11
H5.17;346Q;G14
H5.17;365A;G15
H5.17;372Q;G12
H5.19;347N;Gi1
H5.19;348N;Gi2
H5.19;347N;Gi3
H5.19;347N;Go
H5.19;347N;Gob
H5.19;348N;Gz
H5.19;387H;Gslo
H5.19;373H;Gssh
H5.19;352N;Gq
H5.19;352N;G11
H5.19;348N;G14
H5.19;367Y;G15
H5.19;374N;G12
H5.20;348L;Gi1
H5.20;349L;Gi2
H5.20;348L;Gi3
H5.20;348L;Go
H5.20;348L;Gob
H5.20;349L;Gz
H5.20;388L;Gslo
H5.20;374L;Gssh
H5.20;353L;Gq
H5.20;353L;G11
H5.20;349L;G14
H5.20;368L;G15
H5.20;375L;G12
H5.21;349K;Gi1
H5.21;350K;Gi2
H5.21;349K;Gi3
H5.21;349R;Go
H5.21;349R;Gob
H5.21;350K;Gz
H5.21;389R;Gslo
H5.21;375R;Gssh
H5.21;354K;Gq
H5.21;354K;G11
H5.21;350R;G14
H5.21;369D;G15
H5.21;376K;G12
H5.22;350D;Gi1
H5.22;351D;Gi2
H5.22;350E;Gi3
H5.22;350G;Go
H5.22;350G;Gob
H5.22;351Y;Gz
H5.22;390Q;Gslo
H5.22;376Q;Gssh
H5.22;355E;Gq
H5.22;355E;G11
H5.22;351E;G14
H5.22;370E;G15
H5.22;377D;G12
H5.23;351C;Gi1
H5.23;352C;Gi2
H5.23;351C;Gi3
H5.23;351C;Go
H5.23;351C;Gob
H5.23;352I;Gz
H5.23;391Y;Gslo
H5.23;377Y;Gssh
H5.23;356Y;Gq
H5.23;356Y;G11
H5.23;352F;G14
H5.23;371I;G15
H5.23;378I;G12
H5.24;352G;Gi1
H5.24;353G;Gi2
H5.24;352G;Gi3
H5.24;352G;Go
H5.24;352G;Gob
H5.24;353G;Gz
H5.24;392E;Gslo
H5.24;378E;Gssh
H5.24;357N;Gq
H5.24;357N;G11
H5.24;353N;G14
H5.24;372N;G15
H5.24;379M;G12
H5.25;353L;Gi1
H5.25;354L;Gi2
H5.25;353L;Gi3
H5.25;353L;Go
H5.25;353L;Gob
H5.25;354L;Gz
H5.25;393L;Gslo
H5.25;379L;Gssh
H5.25;358L;Gq
H5.25;358L;G11
H5.25;354L;G14
H5.25;373L;G15
H5.25;380L;G12
H5.26;354F;Gi1
H5.26;355F;Gi2
H5.26;354Y;Gi3
H5.26;354Y;Go
H5.26;354Y;Gob
H5.26;355C;Gz
H5.26;394L;Gslo
H5.26;380L;Gssh
H5.26;359V;Gq
H5.26;359V;G11
H5.26;355V;G14
H5.26;374L;G15
H5.26;381Q;G12